--
-- PostgreSQL database dump
--

-- Dumped from database version 15.4
-- Dumped by pg_dump version 15.4

-- Started on 2025-07-22 20:46:27

SET statement_timeout = 0;
SET lock_timeout = 0;
SET idle_in_transaction_session_timeout = 0;
SET client_encoding = 'UTF8';
SET standard_conforming_strings = on;
SELECT pg_catalog.set_config('search_path', '', false);
SET check_function_bodies = false;
SET xmloption = content;
SET client_min_messages = warning;
SET row_security = off;

--
-- TOC entry 860 (class 1247 OID 32871)
-- Name: bill_status; Type: TYPE; Schema: public; Owner: postgres
--

CREATE TYPE public.bill_status AS ENUM (
    'ยืนยันแล้ว',
    'ยกเลิก',
    'รอผล'
);


ALTER TYPE public.bill_status OWNER TO postgres;

--
-- TOC entry 869 (class 1247 OID 49291)
-- Name: user_role; Type: TYPE; Schema: public; Owner: postgres
--

CREATE TYPE public.user_role AS ENUM (
    'user',
    'admin',
    'owner'
);


ALTER TYPE public.user_role OWNER TO postgres;

SET default_tablespace = '';

SET default_table_access_method = heap;

--
-- TOC entry 223 (class 1259 OID 32879)
-- Name: bet_items; Type: TABLE; Schema: public; Owner: postgres
--

CREATE TABLE public.bet_items (
    id integer NOT NULL,
    bill_entry_id integer NOT NULL,
    bet_number character varying(10) NOT NULL,
    status character varying(50),
    price numeric(10,2) DEFAULT 0 NOT NULL,
    bet_style character varying(10) DEFAULT 'บน'::character varying NOT NULL,
    rate numeric(10,2) DEFAULT 0 NOT NULL,
    payout_amount numeric(12,2) DEFAULT 0 NOT NULL,
    baht_per numeric(10,2)
);


ALTER TABLE public.bet_items OWNER TO postgres;

--
-- TOC entry 222 (class 1259 OID 32878)
-- Name: bet_items_id_seq; Type: SEQUENCE; Schema: public; Owner: postgres
--

CREATE SEQUENCE public.bet_items_id_seq
    AS integer
    START WITH 1
    INCREMENT BY 1
    NO MINVALUE
    NO MAXVALUE
    CACHE 1;


ALTER TABLE public.bet_items_id_seq OWNER TO postgres;

--
-- TOC entry 3414 (class 0 OID 0)
-- Dependencies: 222
-- Name: bet_items_id_seq; Type: SEQUENCE OWNED BY; Schema: public; Owner: postgres
--

ALTER SEQUENCE public.bet_items_id_seq OWNED BY public.bet_items.id;


--
-- TOC entry 221 (class 1259 OID 32854)
-- Name: bill_entries; Type: TABLE; Schema: public; Owner: postgres
--

CREATE TABLE public.bill_entries (
    id integer NOT NULL,
    bill_id integer NOT NULL,
    bet_type character varying(20) NOT NULL,
    total numeric(10,2) DEFAULT 0.00 NOT NULL
);


ALTER TABLE public.bill_entries OWNER TO postgres;

--
-- TOC entry 220 (class 1259 OID 32853)
-- Name: bill_entries_id_seq; Type: SEQUENCE; Schema: public; Owner: postgres
--

CREATE SEQUENCE public.bill_entries_id_seq
    AS integer
    START WITH 1
    INCREMENT BY 1
    NO MINVALUE
    NO MAXVALUE
    CACHE 1;


ALTER TABLE public.bill_entries_id_seq OWNER TO postgres;

--
-- TOC entry 3415 (class 0 OID 0)
-- Dependencies: 220
-- Name: bill_entries_id_seq; Type: SEQUENCE OWNED BY; Schema: public; Owner: postgres
--

ALTER SEQUENCE public.bill_entries_id_seq OWNED BY public.bill_entries.id;


--
-- TOC entry 219 (class 1259 OID 32837)
-- Name: bills; Type: TABLE; Schema: public; Owner: postgres
--

CREATE TABLE public.bills (
    id integer NOT NULL,
    bill_ref character varying(25) NOT NULL,
    user_id integer NOT NULL,
    note text,
    total_amount numeric(12,2) NOT NULL,
    created_at timestamp with time zone DEFAULT now(),
    bet_name character varying(255) NOT NULL,
    status public.bill_status DEFAULT 'รอผล'::public.bill_status NOT NULL,
    lotto_round_id integer,
    bill_lotto_draw timestamp with time zone
);


ALTER TABLE public.bills OWNER TO postgres;

--
-- TOC entry 218 (class 1259 OID 32836)
-- Name: bills_id_seq; Type: SEQUENCE; Schema: public; Owner: postgres
--

CREATE SEQUENCE public.bills_id_seq
    AS integer
    START WITH 1
    INCREMENT BY 1
    NO MINVALUE
    NO MAXVALUE
    CACHE 1;


ALTER TABLE public.bills_id_seq OWNER TO postgres;

--
-- TOC entry 3416 (class 0 OID 0)
-- Dependencies: 218
-- Name: bills_id_seq; Type: SEQUENCE OWNED BY; Schema: public; Owner: postgres
--

ALTER SEQUENCE public.bills_id_seq OWNED BY public.bills.id;


--
-- TOC entry 217 (class 1259 OID 32829)
-- Name: lotto_rounds; Type: TABLE; Schema: public; Owner: postgres
--

CREATE TABLE public.lotto_rounds (
    id integer NOT NULL,
    name character varying(100) NOT NULL,
    cutoff_datetime timestamp with time zone NOT NULL,
    created_at timestamp with time zone DEFAULT now(),
    lotto_type_id integer,
    open_datetime timestamp with time zone,
    status character varying(20) DEFAULT 'active'::character varying,
    closed_numbers jsonb DEFAULT '[]'::jsonb NOT NULL,
    half_pay_numbers jsonb DEFAULT '[]'::jsonb NOT NULL,
    winning_numbers jsonb DEFAULT '{"2top": [], "3top": [], "3tote": [], "2bottom": [], "3bottom": []}'::jsonb NOT NULL
);


ALTER TABLE public.lotto_rounds OWNER TO postgres;

--
-- TOC entry 216 (class 1259 OID 32828)
-- Name: lotto_rounds_id_seq; Type: SEQUENCE; Schema: public; Owner: postgres
--

CREATE SEQUENCE public.lotto_rounds_id_seq
    AS integer
    START WITH 1
    INCREMENT BY 1
    NO MINVALUE
    NO MAXVALUE
    CACHE 1;


ALTER TABLE public.lotto_rounds_id_seq OWNER TO postgres;

--
-- TOC entry 3417 (class 0 OID 0)
-- Dependencies: 216
-- Name: lotto_rounds_id_seq; Type: SEQUENCE OWNED BY; Schema: public; Owner: postgres
--

ALTER SEQUENCE public.lotto_rounds_id_seq OWNED BY public.lotto_rounds.id;


--
-- TOC entry 225 (class 1259 OID 32907)
-- Name: lotto_types; Type: TABLE; Schema: public; Owner: postgres
--

CREATE TABLE public.lotto_types (
    id integer NOT NULL,
    name character varying(100) NOT NULL,
    rate_3_top numeric(10,2) DEFAULT 0.00 NOT NULL,
    rate_3_tote numeric(10,2) DEFAULT 0.00 NOT NULL,
    rate_3_bottom numeric(10,2) DEFAULT 0.00 NOT NULL,
    rate_2_top numeric(10,2) DEFAULT 0.00 NOT NULL,
    rate_2_bottom numeric(10,2) DEFAULT 0.00 NOT NULL,
    rate_run_top numeric(10,2) DEFAULT 0.00 NOT NULL,
    rate_run_bottom numeric(10,2) DEFAULT 0.00 NOT NULL,
    betting_start_time time without time zone,
    betting_cutoff_time time without time zone,
    generation_strategy character varying(50),
    interval_minutes integer,
    monthly_fixed_days integer[],
    monthly_floating_dates jsonb,
    specific_days_of_week integer[],
    betting_skip_start_day integer DEFAULT 0 NOT NULL
);


ALTER TABLE public.lotto_types OWNER TO postgres;

--
-- TOC entry 224 (class 1259 OID 32906)
-- Name: lotto_types_id_seq; Type: SEQUENCE; Schema: public; Owner: postgres
--

CREATE SEQUENCE public.lotto_types_id_seq
    AS integer
    START WITH 1
    INCREMENT BY 1
    NO MINVALUE
    NO MAXVALUE
    CACHE 1;


ALTER TABLE public.lotto_types_id_seq OWNER TO postgres;

--
-- TOC entry 3418 (class 0 OID 0)
-- Dependencies: 224
-- Name: lotto_types_id_seq; Type: SEQUENCE OWNED BY; Schema: public; Owner: postgres
--

ALTER SEQUENCE public.lotto_types_id_seq OWNED BY public.lotto_types.id;


--
-- TOC entry 215 (class 1259 OID 32805)
-- Name: users; Type: TABLE; Schema: public; Owner: postgres
--

CREATE TABLE public.users (
    id integer NOT NULL,
    username character varying(50) NOT NULL,
    password_hash character varying(255) NOT NULL,
    role public.user_role DEFAULT 'user'::public.user_role NOT NULL
);


ALTER TABLE public.users OWNER TO postgres;

--
-- TOC entry 214 (class 1259 OID 32804)
-- Name: users_id_seq; Type: SEQUENCE; Schema: public; Owner: postgres
--

CREATE SEQUENCE public.users_id_seq
    AS integer
    START WITH 1
    INCREMENT BY 1
    NO MINVALUE
    NO MAXVALUE
    CACHE 1;


ALTER TABLE public.users_id_seq OWNER TO postgres;

--
-- TOC entry 3419 (class 0 OID 0)
-- Dependencies: 214
-- Name: users_id_seq; Type: SEQUENCE OWNED BY; Schema: public; Owner: postgres
--

ALTER SEQUENCE public.users_id_seq OWNED BY public.users.id;


--
-- TOC entry 3217 (class 2604 OID 32882)
-- Name: bet_items id; Type: DEFAULT; Schema: public; Owner: postgres
--

ALTER TABLE ONLY public.bet_items ALTER COLUMN id SET DEFAULT nextval('public.bet_items_id_seq'::regclass);


--
-- TOC entry 3215 (class 2604 OID 32857)
-- Name: bill_entries id; Type: DEFAULT; Schema: public; Owner: postgres
--

ALTER TABLE ONLY public.bill_entries ALTER COLUMN id SET DEFAULT nextval('public.bill_entries_id_seq'::regclass);


--
-- TOC entry 3212 (class 2604 OID 32840)
-- Name: bills id; Type: DEFAULT; Schema: public; Owner: postgres
--

ALTER TABLE ONLY public.bills ALTER COLUMN id SET DEFAULT nextval('public.bills_id_seq'::regclass);


--
-- TOC entry 3206 (class 2604 OID 32832)
-- Name: lotto_rounds id; Type: DEFAULT; Schema: public; Owner: postgres
--

ALTER TABLE ONLY public.lotto_rounds ALTER COLUMN id SET DEFAULT nextval('public.lotto_rounds_id_seq'::regclass);


--
-- TOC entry 3222 (class 2604 OID 32910)
-- Name: lotto_types id; Type: DEFAULT; Schema: public; Owner: postgres
--

ALTER TABLE ONLY public.lotto_types ALTER COLUMN id SET DEFAULT nextval('public.lotto_types_id_seq'::regclass);


--
-- TOC entry 3204 (class 2604 OID 32808)
-- Name: users id; Type: DEFAULT; Schema: public; Owner: postgres
--

ALTER TABLE ONLY public.users ALTER COLUMN id SET DEFAULT nextval('public.users_id_seq'::regclass);


--
-- TOC entry 3406 (class 0 OID 32879)
-- Dependencies: 223
-- Data for Name: bet_items; Type: TABLE DATA; Schema: public; Owner: postgres
--

COPY public.bet_items (id, bill_entry_id, bet_number, status, price, bet_style, rate, payout_amount, baht_per) FROM stdin;
1396	134	15	ยืนยัน	100.00	บน	100.00	9200.00	92.00
1397	134	64	ยืนยัน	100.00	บน	100.00	9200.00	92.00
1398	134	45	ยืนยัน	100.00	บน	100.00	9200.00	92.00
1399	134	46	ยืนยัน	100.00	บน	100.00	9200.00	92.00
1400	134	78	ยืนยัน	100.00	บน	100.00	9200.00	92.00
1206	120	11	ยืนยัน	100.00	บน	100.00	9000.00	90.00
1207	120	22	ยืนยัน	100.00	บน	100.00	9000.00	90.00
1208	120	33	ยืนยัน	100.00	บน	100.00	9000.00	90.00
1209	120	44	ยืนยัน	100.00	บน	50.00	4500.00	90.00
1210	120	55	ยืนยัน	100.00	บน	100.00	9000.00	90.00
1211	120	66	ยืนยัน	100.00	บน	100.00	9000.00	90.00
1212	120	77	ยืนยัน	100.00	บน	100.00	9000.00	90.00
1213	120	88	ยืนยัน	100.00	บน	100.00	9000.00	90.00
1214	120	99	ยืนยัน	100.00	บน	100.00	9000.00	90.00
1215	120	23	ยืนยัน	100.00	บน	50.00	4500.00	90.00
1216	120	23	ยืนยัน	100.00	บน	50.00	4500.00	90.00
1217	120	23	ยืนยัน	100.00	บน	50.00	4500.00	90.00
1188	119	11	ยืนยัน	100.00	บน	100.00	9000.00	90.00
1189	119	22	ยืนยัน	100.00	บน	100.00	9000.00	90.00
1190	119	33	ยืนยัน	100.00	บน	100.00	9000.00	90.00
1191	119	44	ยืนยัน	100.00	บน	100.00	9000.00	90.00
1192	119	55	ยืนยัน	100.00	บน	100.00	9000.00	90.00
1193	119	66	ยืนยัน	100.00	บน	100.00	9000.00	90.00
1194	119	77	ยืนยัน	100.00	บน	100.00	9000.00	90.00
1195	119	88	ยืนยัน	100.00	บน	100.00	9000.00	90.00
1196	119	99	ยืนยัน	100.00	บน	100.00	9000.00	90.00
1197	119	11	ยืนยัน	200.00	ล่าง	200.00	18000.00	90.00
1198	119	22	ยืนยัน	200.00	ล่าง	200.00	18000.00	90.00
1199	119	33	ยืนยัน	200.00	ล่าง	200.00	18000.00	90.00
1200	119	44	ยืนยัน	200.00	ล่าง	200.00	18000.00	90.00
1201	119	55	ยืนยัน	200.00	ล่าง	200.00	18000.00	90.00
1202	119	66	ยืนยัน	200.00	ล่าง	200.00	18000.00	90.00
1203	119	77	ยืนยัน	200.00	ล่าง	200.00	18000.00	90.00
1204	119	88	ยืนยัน	200.00	ล่าง	200.00	18000.00	90.00
1205	119	99	ยืนยัน	200.00	ล่าง	200.00	18000.00	90.00
1161	116	11	คืนเลข	10.00	ล่าง	10.00	950.00	95.00
1162	116	22	คืนเลข	10.00	ล่าง	10.00	950.00	95.00
1164	116	44	คืนเลข	10.00	ล่าง	10.00	950.00	95.00
1167	116	77	คืนเลข	10.00	ล่าง	10.00	950.00	95.00
1168	116	88	คืนเลข	10.00	ล่าง	10.00	950.00	95.00
1169	116	99	คืนเลข	10.00	ล่าง	10.00	950.00	95.00
1163	116	33	คืนเลข	10.00	ล่าง	10.00	950.00	95.00
1166	116	66	คืนเลข	10.00	ล่าง	10.00	950.00	95.00
1165	116	55	คืนเลข	10.00	ล่าง	10.00	950.00	95.00
1401	134	97	ยืนยัน	100.00	บน	100.00	9200.00	92.00
1402	134	99	ยืนยัน	100.00	บน	100.00	9200.00	92.00
1243	123	11	ยืนยัน	100.00	บน	100.00	9500.00	95.00
1403	134	12	ยืนยัน	100.00	บน	100.00	9200.00	92.00
1351	129	9	ยืนยัน	10.00	บน	10.00	920.00	92.00
1352	129	7	ยืนยัน	10.00	บน	10.00	920.00	92.00
1170	117	11	ยืนยัน	100.00	ล่าง	100.00	9000.00	90.00
1171	117	22	ยืนยัน	100.00	ล่าง	100.00	9000.00	90.00
1172	117	33	ยืนยัน	100.00	ล่าง	100.00	9000.00	90.00
1173	117	44	ยืนยัน	100.00	ล่าง	100.00	9000.00	90.00
1174	117	55	ยืนยัน	100.00	ล่าง	100.00	9000.00	90.00
1175	117	66	ยืนยัน	100.00	ล่าง	100.00	9000.00	90.00
1176	117	77	ยืนยัน	100.00	ล่าง	100.00	9000.00	90.00
1177	117	88	ยืนยัน	100.00	ล่าง	100.00	9000.00	90.00
1178	117	99	ยืนยัน	100.00	ล่าง	100.00	9000.00	90.00
1179	118	11	ยืนยัน	100.00	ล่าง	100.00	9000.00	90.00
1180	118	22	ยืนยัน	100.00	ล่าง	100.00	9000.00	90.00
1181	118	33	ยืนยัน	100.00	ล่าง	100.00	9000.00	90.00
1182	118	44	ยืนยัน	100.00	ล่าง	100.00	9000.00	90.00
1183	118	55	ยืนยัน	100.00	ล่าง	100.00	9000.00	90.00
1184	118	66	ยืนยัน	100.00	ล่าง	100.00	9000.00	90.00
1353	129	4	ยืนยัน	10.00	ล่าง	5.00	460.00	92.00
1354	129	6	ยืนยัน	10.00	ล่าง	5.00	460.00	92.00
1355	129	5	ยืนยัน	10.00	ล่าง	10.00	920.00	92.00
1356	129	8	ยืนยัน	10.00	ล่าง	10.00	920.00	92.00
2577	184	111	ยืนยัน	200.00	โต๊ด	200.00	25000.00	125.00
2578	184	222	ยืนยัน	200.00	โต๊ด	200.00	25000.00	125.00
2579	184	333	ยืนยัน	200.00	โต๊ด	200.00	25000.00	125.00
2580	184	444	ยืนยัน	200.00	โต๊ด	200.00	25000.00	125.00
2581	184	555	ยืนยัน	200.00	โต๊ด	200.00	25000.00	125.00
2582	184	666	ยืนยัน	200.00	โต๊ด	200.00	25000.00	125.00
2583	184	777	ยืนยัน	200.00	โต๊ด	200.00	25000.00	125.00
2584	184	888	ยืนยัน	200.00	โต๊ด	200.00	25000.00	125.00
2585	184	999	ยืนยัน	200.00	โต๊ด	200.00	25000.00	125.00
2586	184	459	ยืนยัน	200.00	โต๊ด	100.00	12500.00	125.00
2587	184	879	ยืนยัน	200.00	โต๊ด	100.00	12500.00	125.00
2588	184	987	ยืนยัน	200.00	โต๊ด	200.00	25000.00	125.00
2589	184	997	ยืนยัน	200.00	โต๊ด	200.00	25000.00	125.00
2590	184	877	ยืนยัน	200.00	โต๊ด	200.00	25000.00	125.00
1218	120	23	ยืนยัน	100.00	บน	50.00	4500.00	90.00
1219	120	23	ยืนยัน	100.00	บน	50.00	4500.00	90.00
1220	121	689	ยืนยัน	100.00	ตรง	50.00	40000.00	800.00
1185	118	77	ยืนยัน	100.00	ล่าง	100.00	9000.00	90.00
1186	118	88	ยืนยัน	100.00	ล่าง	100.00	9000.00	90.00
1187	118	99	ยืนยัน	100.00	ล่าง	100.00	9000.00	90.00
1221	122	11	ยืนยัน	100.00	บน	100.00	9500.00	95.00
1222	122	22	ยืนยัน	100.00	บน	100.00	9500.00	95.00
1223	122	33	ยืนยัน	100.00	บน	100.00	9500.00	95.00
1224	122	44	ยืนยัน	100.00	บน	100.00	9500.00	95.00
1225	122	55	ยืนยัน	100.00	บน	100.00	9500.00	95.00
1226	122	66	ยืนยัน	100.00	บน	100.00	9500.00	95.00
1227	122	77	ยืนยัน	100.00	บน	100.00	9500.00	95.00
1228	122	88	ยืนยัน	100.00	บน	100.00	9500.00	95.00
1229	122	99	ยืนยัน	100.00	บน	100.00	9500.00	95.00
1230	122	49	ยืนยัน	100.00	บน	100.00	9500.00	95.00
1231	122	89	ยืนยัน	100.00	บน	100.00	9500.00	95.00
1232	122	11	ยืนยัน	200.00	ล่าง	200.00	19000.00	95.00
1233	122	22	ยืนยัน	200.00	ล่าง	200.00	19000.00	95.00
1234	122	33	ยืนยัน	200.00	ล่าง	200.00	19000.00	95.00
1235	122	44	ยืนยัน	200.00	ล่าง	200.00	19000.00	95.00
1236	122	55	ยืนยัน	200.00	ล่าง	200.00	19000.00	95.00
1237	122	66	ยืนยัน	200.00	ล่าง	200.00	19000.00	95.00
1238	122	77	ยืนยัน	200.00	ล่าง	200.00	19000.00	95.00
1239	122	88	ยืนยัน	200.00	ล่าง	200.00	19000.00	95.00
1240	122	99	ยืนยัน	200.00	ล่าง	200.00	19000.00	95.00
1241	122	49	ยืนยัน	200.00	ล่าง	200.00	19000.00	95.00
1242	122	89	ยืนยัน	200.00	ล่าง	200.00	19000.00	95.00
1244	123	22	ยืนยัน	100.00	บน	100.00	9500.00	95.00
1245	123	33	ยืนยัน	100.00	บน	100.00	9500.00	95.00
1246	123	44	ยืนยัน	100.00	บน	100.00	9500.00	95.00
1247	123	55	ยืนยัน	100.00	บน	100.00	9500.00	95.00
1248	123	66	ยืนยัน	100.00	บน	100.00	9500.00	95.00
1249	123	77	ยืนยัน	100.00	บน	100.00	9500.00	95.00
1250	123	88	ยืนยัน	100.00	บน	100.00	9500.00	95.00
1251	123	99	ยืนยัน	100.00	บน	100.00	9500.00	95.00
1252	123	11	ยืนยัน	200.00	ล่าง	200.00	19000.00	95.00
1253	123	22	ยืนยัน	200.00	ล่าง	200.00	19000.00	95.00
1254	123	33	ยืนยัน	200.00	ล่าง	200.00	19000.00	95.00
1255	123	44	ยืนยัน	200.00	ล่าง	200.00	19000.00	95.00
1256	123	55	ยืนยัน	200.00	ล่าง	200.00	19000.00	95.00
1257	123	66	ยืนยัน	200.00	ล่าง	200.00	19000.00	95.00
1258	123	77	ยืนยัน	200.00	ล่าง	200.00	19000.00	95.00
1259	123	88	ยืนยัน	200.00	ล่าง	200.00	19000.00	95.00
1260	123	99	ยืนยัน	200.00	ล่าง	200.00	19000.00	95.00
1261	124	489	ยืนยัน	100.00	ตรง	100.00	85000.00	850.00
1262	124	498	ยืนยัน	100.00	ตรง	100.00	85000.00	850.00
1263	124	849	ยืนยัน	100.00	ตรง	100.00	85000.00	850.00
1264	124	894	ยืนยัน	100.00	ตรง	100.00	85000.00	850.00
1265	124	948	ยืนยัน	100.00	ตรง	100.00	85000.00	850.00
1266	124	984	ยืนยัน	100.00	ตรง	100.00	85000.00	850.00
1267	124	489	ยืนยัน	20.00	โต๊ด	20.00	0.00	0.00
1268	124	498	ยืนยัน	20.00	โต๊ด	20.00	0.00	0.00
1269	124	849	ยืนยัน	20.00	โต๊ด	20.00	0.00	0.00
1270	124	894	ยืนยัน	20.00	โต๊ด	20.00	0.00	0.00
1271	124	948	ยืนยัน	20.00	โต๊ด	20.00	0.00	0.00
1272	124	984	ยืนยัน	20.00	โต๊ด	20.00	0.00	0.00
1273	125	56	ยืนยัน	10.00	ล่าง	5.00	475.00	95.00
1274	125	98	ยืนยัน	10.00	ล่าง	10.00	950.00	95.00
1275	125	85	ยืนยัน	10.00	ล่าง	10.00	950.00	95.00
1276	125	56	ยืนยัน	10.00	ล่าง	5.00	475.00	95.00
2484	182	11	ยืนยัน	10.00	บน	10.00	900.00	90.00
2485	182	22	ยืนยัน	10.00	บน	10.00	900.00	90.00
2486	182	33	ยืนยัน	10.00	บน	10.00	900.00	90.00
2487	182	44	ยืนยัน	10.00	บน	10.00	900.00	90.00
2488	182	55	ยืนยัน	10.00	บน	10.00	900.00	90.00
2489	182	66	ยืนยัน	10.00	บน	10.00	900.00	90.00
2490	182	77	ยืนยัน	10.00	บน	10.00	900.00	90.00
2491	182	88	ยืนยัน	10.00	บน	10.00	900.00	90.00
2492	182	99	ยืนยัน	10.00	บน	10.00	900.00	90.00
1346	129	4	ยืนยัน	10.00	บน	5.00	460.00	92.00
1347	129	6	ยืนยัน	10.00	บน	5.00	460.00	92.00
1348	129	5	ยืนยัน	10.00	บน	10.00	920.00	92.00
1349	129	8	ยืนยัน	10.00	บน	10.00	920.00	92.00
1277	126	13	ยืนยัน	10.00	บน	10.00	900.00	90.00
1278	126	56	ยืนยัน	10.00	บน	10.00	900.00	90.00
1279	126	46	ยืนยัน	10.00	บน	10.00	900.00	90.00
1280	126	46	ยืนยัน	10.00	บน	10.00	900.00	90.00
1281	126	42	ยืนยัน	10.00	บน	10.00	900.00	90.00
1282	126	31	ยืนยัน	10.00	บน	10.00	900.00	90.00
1283	126	38	ยืนยัน	10.00	บน	10.00	900.00	90.00
1284	126	54	ยืนยัน	10.00	บน	10.00	900.00	90.00
1350	129	9	ยืนยัน	10.00	บน	10.00	920.00	92.00
2493	182	11	ยืนยัน	20.00	ล่าง	20.00	1800.00	90.00
2494	182	22	ยืนยัน	20.00	ล่าง	20.00	1800.00	90.00
2495	182	33	ยืนยัน	20.00	ล่าง	20.00	1800.00	90.00
1285	126	89	ยืนยัน	10.00	บน	10.00	900.00	90.00
1286	126	75	ยืนยัน	10.00	บน	10.00	900.00	90.00
1287	126	64	ยืนยัน	10.00	บน	10.00	900.00	90.00
1288	126	13	ยืนยัน	10.00	บน	10.00	900.00	90.00
1289	126	13	ยืนยัน	20.00	ล่าง	20.00	1800.00	90.00
1290	126	56	ยืนยัน	20.00	ล่าง	20.00	1800.00	90.00
1291	126	46	ยืนยัน	20.00	ล่าง	20.00	1800.00	90.00
1292	126	46	ยืนยัน	20.00	ล่าง	20.00	1800.00	90.00
1293	126	42	ยืนยัน	20.00	ล่าง	20.00	1800.00	90.00
1294	126	31	ยืนยัน	20.00	ล่าง	20.00	1800.00	90.00
1295	126	38	ยืนยัน	20.00	ล่าง	20.00	1800.00	90.00
1296	126	54	ยืนยัน	20.00	ล่าง	20.00	1800.00	90.00
1297	126	89	ยืนยัน	20.00	ล่าง	20.00	1800.00	90.00
1298	126	75	ยืนยัน	20.00	ล่าง	20.00	1800.00	90.00
1299	126	64	ยืนยัน	20.00	ล่าง	20.00	1800.00	90.00
1300	126	13	ยืนยัน	20.00	ล่าง	20.00	1800.00	90.00
1301	127	111	ยืนยัน	10.00	ตรง	10.00	8000.00	800.00
1302	127	222	ยืนยัน	10.00	ตรง	10.00	8000.00	800.00
1303	127	333	ยืนยัน	10.00	ตรง	10.00	8000.00	800.00
1304	127	444	ยืนยัน	10.00	ตรง	10.00	8000.00	800.00
1305	127	555	ยืนยัน	10.00	ตรง	10.00	8000.00	800.00
1306	127	666	ยืนยัน	10.00	ตรง	10.00	8000.00	800.00
1307	127	777	ยืนยัน	10.00	ตรง	10.00	8000.00	800.00
1308	127	888	ยืนยัน	10.00	ตรง	10.00	8000.00	800.00
1309	127	999	ยืนยัน	10.00	ตรง	10.00	8000.00	800.00
1310	127	111	ยืนยัน	10.00	โต๊ด	10.00	1250.00	125.00
1311	127	222	ยืนยัน	10.00	โต๊ด	10.00	1250.00	125.00
1312	127	333	ยืนยัน	10.00	โต๊ด	10.00	1250.00	125.00
1313	127	444	ยืนยัน	10.00	โต๊ด	10.00	1250.00	125.00
1314	127	555	ยืนยัน	10.00	โต๊ด	10.00	1250.00	125.00
1315	127	666	ยืนยัน	10.00	โต๊ด	10.00	1250.00	125.00
1316	127	777	ยืนยัน	10.00	โต๊ด	10.00	1250.00	125.00
1317	127	888	ยืนยัน	10.00	โต๊ด	10.00	1250.00	125.00
1318	127	999	ยืนยัน	10.00	โต๊ด	10.00	1250.00	125.00
1319	127	111	ยืนยัน	10.00	ล่าง	10.00	1450.00	145.00
1320	127	222	ยืนยัน	10.00	ล่าง	10.00	1450.00	145.00
1321	127	333	ยืนยัน	10.00	ล่าง	10.00	1450.00	145.00
1322	127	444	ยืนยัน	10.00	ล่าง	10.00	1450.00	145.00
1323	127	555	ยืนยัน	10.00	ล่าง	10.00	1450.00	145.00
1324	127	666	ยืนยัน	10.00	ล่าง	10.00	1450.00	145.00
1325	127	777	ยืนยัน	10.00	ล่าง	10.00	1450.00	145.00
1326	127	888	ยืนยัน	10.00	ล่าง	10.00	1450.00	145.00
1327	127	999	ยืนยัน	10.00	ล่าง	10.00	1450.00	145.00
1357	129	9	ยืนยัน	10.00	ล่าง	10.00	920.00	92.00
1358	129	9	ยืนยัน	10.00	ล่าง	10.00	920.00	92.00
1359	129	7	ยืนยัน	10.00	ล่าง	10.00	920.00	92.00
1328	128	11	ยืนยัน	100.00	บน	100.00	9200.00	92.00
1329	128	22	ยืนยัน	100.00	บน	100.00	9200.00	92.00
1330	128	33	ยืนยัน	100.00	บน	100.00	9200.00	92.00
1331	128	44	ยืนยัน	100.00	บน	100.00	9200.00	92.00
1332	128	55	ยืนยัน	100.00	บน	100.00	9200.00	92.00
1333	128	66	ยืนยัน	100.00	บน	100.00	9200.00	92.00
1334	128	77	ยืนยัน	100.00	บน	100.00	9200.00	92.00
1335	128	88	ยืนยัน	100.00	บน	100.00	9200.00	92.00
1336	128	99	ยืนยัน	100.00	บน	100.00	9200.00	92.00
1337	128	11	ยืนยัน	200.00	ล่าง	200.00	18400.00	92.00
1338	128	22	ยืนยัน	200.00	ล่าง	200.00	18400.00	92.00
1339	128	33	ยืนยัน	200.00	ล่าง	200.00	18400.00	92.00
1340	128	44	ยืนยัน	200.00	ล่าง	200.00	18400.00	92.00
1341	128	55	ยืนยัน	200.00	ล่าง	200.00	18400.00	92.00
1342	128	66	ยืนยัน	200.00	ล่าง	200.00	18400.00	92.00
1343	128	77	ยืนยัน	200.00	ล่าง	200.00	18400.00	92.00
1344	128	88	ยืนยัน	200.00	ล่าง	200.00	18400.00	92.00
1345	128	99	ยืนยัน	200.00	ล่าง	200.00	18400.00	92.00
2496	182	44	ยืนยัน	20.00	ล่าง	20.00	1800.00	90.00
2076	161	44	\N	10.00	ล่าง	10.00	900.00	90.00
2077	161	55	\N	10.00	ล่าง	10.00	900.00	90.00
2078	161	66	\N	10.00	ล่าง	10.00	900.00	90.00
2079	161	77	\N	10.00	ล่าง	10.00	900.00	90.00
2080	161	88	\N	10.00	ล่าง	10.00	900.00	90.00
2081	161	99	\N	10.00	ล่าง	10.00	900.00	90.00
2082	162	11	\N	10.00	บน	10.00	900.00	90.00
2083	162	44	\N	10.00	บน	10.00	900.00	90.00
2084	162	55	\N	10.00	บน	10.00	900.00	90.00
2085	162	66	\N	10.00	บน	10.00	900.00	90.00
2086	162	77	\N	10.00	บน	10.00	900.00	90.00
2087	162	88	\N	10.00	บน	10.00	900.00	90.00
2088	162	99	\N	10.00	บน	10.00	900.00	90.00
2089	162	11	\N	20.00	ล่าง	20.00	1800.00	90.00
2090	162	44	\N	20.00	ล่าง	20.00	1800.00	90.00
2091	162	55	\N	20.00	ล่าง	20.00	1800.00	90.00
2092	162	66	\N	20.00	ล่าง	20.00	1800.00	90.00
2093	162	77	\N	20.00	ล่าง	20.00	1800.00	90.00
2094	162	88	\N	20.00	ล่าง	20.00	1800.00	90.00
1409	135	529	ยืนยัน	20.00	โต๊ด	20.00	0.00	0.00
1410	135	898	ยืนยัน	20.00	โต๊ด	20.00	0.00	0.00
1411	135	798	ยืนยัน	20.00	โต๊ด	20.00	0.00	0.00
1412	135	765	ยืนยัน	20.00	โต๊ด	20.00	0.00	0.00
1413	135	433	ยืนยัน	20.00	โต๊ด	20.00	0.00	0.00
2497	182	55	ยืนยัน	20.00	ล่าง	20.00	1800.00	90.00
2498	182	66	ยืนยัน	20.00	ล่าง	20.00	1800.00	90.00
2095	162	99	\N	20.00	ล่าง	20.00	1800.00	90.00
2136	164	456	\N	20.00	โต๊ด	20.00	2500.00	125.00
2137	164	214	\N	20.00	โต๊ด	20.00	2500.00	125.00
2138	164	321	\N	20.00	โต๊ด	20.00	2500.00	125.00
2139	164	456	\N	20.00	โต๊ด	20.00	2500.00	125.00
2140	164	666	\N	20.00	โต๊ด	20.00	2500.00	125.00
2141	164	984	\N	20.00	โต๊ด	20.00	2500.00	125.00
2142	164	654	\N	20.00	โต๊ด	20.00	2500.00	125.00
2143	164	412	\N	20.00	โต๊ด	20.00	2500.00	125.00
2144	164	123	\N	20.00	โต๊ด	10.00	1250.00	125.00
2145	164	654	\N	20.00	โต๊ด	20.00	2500.00	125.00
2146	164	666	\N	20.00	โต๊ด	20.00	2500.00	125.00
2051	158	444	คืนเลข	100.00	โต๊ด	100.00	0.00	0.00
2053	158	666	คืนเลข	100.00	โต๊ด	100.00	0.00	0.00
2049	158	222	ยืนยัน	100.00	โต๊ด	100.00	0.00	0.00
2050	158	333	ยืนยัน	100.00	โต๊ด	100.00	0.00	0.00
2052	158	555	ยืนยัน	100.00	โต๊ด	100.00	0.00	0.00
2054	158	777	ยืนยัน	100.00	โต๊ด	100.00	0.00	0.00
2055	158	888	ยืนยัน	100.00	โต๊ด	100.00	0.00	0.00
2056	158	999	ยืนยัน	100.00	โต๊ด	100.00	0.00	0.00
2057	159	487	ยืนยัน	100.00	โต๊ด	100.00	0.00	0.00
2058	159	478	ยืนยัน	100.00	โต๊ด	100.00	0.00	0.00
2059	159	847	ยืนยัน	100.00	โต๊ด	100.00	0.00	0.00
2060	159	874	ยืนยัน	100.00	โต๊ด	100.00	0.00	0.00
2061	159	748	ยืนยัน	100.00	โต๊ด	100.00	0.00	0.00
2062	159	784	ยืนยัน	100.00	โต๊ด	100.00	0.00	0.00
2063	159	987	ยืนยัน	100.00	โต๊ด	100.00	0.00	0.00
2064	159	978	ยืนยัน	100.00	โต๊ด	100.00	0.00	0.00
2065	159	897	ยืนยัน	100.00	โต๊ด	100.00	0.00	0.00
2066	159	879	ยืนยัน	100.00	โต๊ด	100.00	0.00	0.00
2067	159	798	ยืนยัน	100.00	โต๊ด	100.00	0.00	0.00
2068	159	789	ยืนยัน	100.00	โต๊ด	100.00	0.00	0.00
2069	160	100	ยืนยัน	10.00	ตรง	10.00	8000.00	800.00
2070	160	010	ยืนยัน	10.00	ตรง	10.00	8000.00	800.00
2071	160	001	ยืนยัน	10.00	ตรง	10.00	8000.00	800.00
2072	160	100	ยืนยัน	20.00	โต๊ด	20.00	0.00	0.00
2073	160	010	ยืนยัน	20.00	โต๊ด	20.00	0.00	0.00
2074	160	001	ยืนยัน	20.00	โต๊ด	20.00	0.00	0.00
2209	168	44	\N	10.00	บน	10.00	950.00	95.00
2210	168	55	\N	10.00	บน	10.00	950.00	95.00
2211	168	66	\N	10.00	บน	10.00	950.00	95.00
2212	168	77	\N	10.00	บน	10.00	950.00	95.00
2213	168	88	\N	10.00	บน	10.00	950.00	95.00
2214	168	99	\N	10.00	บน	10.00	950.00	95.00
2215	168	11	\N	20.00	ล่าง	20.00	0.00	0.00
2216	168	22	\N	20.00	ล่าง	20.00	0.00	0.00
2217	168	33	\N	20.00	ล่าง	20.00	0.00	0.00
2218	168	44	\N	20.00	ล่าง	20.00	0.00	0.00
2219	168	55	\N	20.00	ล่าง	20.00	0.00	0.00
2220	168	66	\N	20.00	ล่าง	20.00	0.00	0.00
2221	168	77	\N	20.00	ล่าง	20.00	0.00	0.00
2222	168	88	\N	20.00	ล่าง	20.00	0.00	0.00
2223	168	99	\N	20.00	ล่าง	20.00	0.00	0.00
2161	166	11	ยืนยัน	100.00	บน	100.00	9000.00	90.00
2162	166	22	ยืนยัน	100.00	บน	100.00	9000.00	90.00
2163	166	33	ยืนยัน	100.00	บน	100.00	9000.00	90.00
2164	166	44	ยืนยัน	100.00	บน	100.00	9000.00	90.00
2165	166	55	ยืนยัน	100.00	บน	100.00	9000.00	90.00
2166	166	66	ยืนยัน	100.00	บน	100.00	9000.00	90.00
2167	166	77	ยืนยัน	100.00	บน	100.00	9000.00	90.00
2168	166	88	ยืนยัน	100.00	บน	100.00	9000.00	90.00
2169	166	99	ยืนยัน	100.00	บน	100.00	9000.00	90.00
2170	166	11	ยืนยัน	200.00	ล่าง	200.00	18000.00	90.00
2171	166	22	ยืนยัน	200.00	ล่าง	200.00	18000.00	90.00
2172	166	33	ยืนยัน	200.00	ล่าง	200.00	18000.00	90.00
2173	166	44	ยืนยัน	200.00	ล่าง	200.00	18000.00	90.00
2174	166	55	ยืนยัน	200.00	ล่าง	200.00	18000.00	90.00
2175	166	66	ยืนยัน	200.00	ล่าง	200.00	18000.00	90.00
2176	166	77	ยืนยัน	200.00	ล่าง	200.00	18000.00	90.00
2177	166	88	ยืนยัน	200.00	ล่าง	200.00	18000.00	90.00
2178	166	99	ยืนยัน	200.00	ล่าง	200.00	18000.00	90.00
2206	168	11	ยืนยัน	10.00	บน	10.00	950.00	95.00
2207	168	22	ยืนยัน	10.00	บน	10.00	950.00	95.00
2208	168	33	คืนเลข	10.00	บน	10.00	950.00	95.00
2499	182	77	ยืนยัน	20.00	ล่าง	20.00	1800.00	90.00
2500	182	88	ยืนยัน	20.00	ล่าง	20.00	1800.00	90.00
2501	182	99	ยืนยัน	20.00	ล่าง	20.00	1800.00	90.00
2591	184	456	ยืนยัน	200.00	โต๊ด	200.00	25000.00	125.00
2592	184	111	ยืนยัน	300.00	ล่าง	300.00	43500.00	145.00
2593	184	222	ยืนยัน	300.00	ล่าง	300.00	43500.00	145.00
2594	184	333	ยืนยัน	300.00	ล่าง	300.00	43500.00	145.00
2595	184	444	ยืนยัน	300.00	ล่าง	300.00	43500.00	145.00
2596	184	555	ยืนยัน	300.00	ล่าง	300.00	43500.00	145.00
2597	184	666	ยืนยัน	300.00	ล่าง	300.00	43500.00	145.00
2598	184	777	ยืนยัน	300.00	ล่าง	300.00	43500.00	145.00
2599	184	888	ยืนยัน	300.00	ล่าง	300.00	43500.00	145.00
2600	184	999	ยืนยัน	300.00	ล่าง	300.00	43500.00	145.00
2096	163	2	\N	10.00	บน	10.00	900.00	90.00
2097	163	2	\N	20.00	ล่าง	20.00	1800.00	90.00
2075	161	11	ยืนยัน	10.00	ล่าง	10.00	900.00	90.00
2147	165	11	\N	10.00	บน	10.00	900.00	90.00
2148	165	44	\N	10.00	บน	10.00	900.00	90.00
2149	165	55	\N	10.00	บน	10.00	900.00	90.00
2150	165	66	\N	10.00	บน	10.00	900.00	90.00
2151	165	77	\N	10.00	บน	10.00	900.00	90.00
2152	165	88	\N	10.00	บน	10.00	900.00	90.00
2153	165	99	\N	10.00	บน	10.00	900.00	90.00
2154	165	11	\N	20.00	ล่าง	20.00	1800.00	90.00
2155	165	44	\N	20.00	ล่าง	20.00	1800.00	90.00
2156	165	55	\N	20.00	ล่าง	20.00	1800.00	90.00
2157	165	66	\N	20.00	ล่าง	20.00	1800.00	90.00
2158	165	77	\N	20.00	ล่าง	20.00	1800.00	90.00
2159	165	88	\N	20.00	ล่าง	20.00	1800.00	90.00
2160	165	99	\N	20.00	ล่าง	20.00	1800.00	90.00
2179	167	111	\N	10.00	ตรง	10.00	8000.00	800.00
2180	167	222	\N	10.00	ตรง	10.00	8000.00	800.00
2181	167	333	\N	10.00	ตรง	10.00	8000.00	800.00
2182	167	444	\N	10.00	ตรง	10.00	8000.00	800.00
2183	167	555	\N	10.00	ตรง	10.00	8000.00	800.00
2184	167	666	\N	10.00	ตรง	10.00	8000.00	800.00
2185	167	777	\N	10.00	ตรง	10.00	8000.00	800.00
2186	167	888	\N	10.00	ตรง	10.00	8000.00	800.00
2187	167	999	\N	10.00	ตรง	10.00	8000.00	800.00
2188	167	111	\N	10.00	โต๊ด	10.00	1250.00	125.00
2189	167	222	\N	10.00	โต๊ด	10.00	1250.00	125.00
2190	167	333	\N	10.00	โต๊ด	10.00	1250.00	125.00
2191	167	444	\N	10.00	โต๊ด	10.00	1250.00	125.00
2192	167	555	\N	10.00	โต๊ด	10.00	1250.00	125.00
2193	167	666	\N	10.00	โต๊ด	10.00	1250.00	125.00
2194	167	777	\N	10.00	โต๊ด	10.00	1250.00	125.00
2195	167	888	\N	10.00	โต๊ด	10.00	1250.00	125.00
2196	167	999	\N	10.00	โต๊ด	10.00	1250.00	125.00
2197	167	111	\N	10.00	ล่าง	10.00	1450.00	145.00
2198	167	222	\N	10.00	ล่าง	10.00	1450.00	145.00
2199	167	333	\N	10.00	ล่าง	10.00	1450.00	145.00
2200	167	444	\N	10.00	ล่าง	10.00	1450.00	145.00
2201	167	555	\N	10.00	ล่าง	10.00	1450.00	145.00
2202	167	666	\N	10.00	ล่าง	10.00	1450.00	145.00
2203	167	777	\N	10.00	ล่าง	10.00	1450.00	145.00
2204	167	888	\N	10.00	ล่าง	10.00	1450.00	145.00
2205	167	999	\N	10.00	ล่าง	10.00	1450.00	145.00
2224	169	784	ยืนยัน	10.00	โต๊ด	10.00	1250.00	125.00
2225	169	111	ยืนยัน	10.00	โต๊ด	10.00	1250.00	125.00
2226	169	222	ยืนยัน	10.00	โต๊ด	10.00	1250.00	125.00
2227	169	333	ยืนยัน	10.00	โต๊ด	10.00	1250.00	125.00
2228	169	444	ยืนยัน	10.00	โต๊ด	10.00	1250.00	125.00
2229	169	555	ยืนยัน	10.00	โต๊ด	10.00	1250.00	125.00
2230	169	666	ยืนยัน	10.00	โต๊ด	10.00	1250.00	125.00
2231	169	777	ยืนยัน	10.00	โต๊ด	10.00	1250.00	125.00
2232	169	888	ยืนยัน	10.00	โต๊ด	10.00	1250.00	125.00
2233	169	999	ยืนยัน	10.00	โต๊ด	10.00	1250.00	125.00
2234	169	111	ยืนยัน	10.00	โต๊ด	10.00	1250.00	125.00
2235	169	222	ยืนยัน	10.00	โต๊ด	10.00	1250.00	125.00
2236	169	333	ยืนยัน	10.00	โต๊ด	10.00	1250.00	125.00
2237	169	444	ยืนยัน	10.00	โต๊ด	10.00	1250.00	125.00
2238	169	555	ยืนยัน	10.00	โต๊ด	10.00	1250.00	125.00
2239	169	666	ยืนยัน	10.00	โต๊ด	10.00	1250.00	125.00
2240	169	777	ยืนยัน	10.00	โต๊ด	10.00	1250.00	125.00
2241	169	888	ยืนยัน	10.00	โต๊ด	10.00	1250.00	125.00
2242	169	999	ยืนยัน	10.00	โต๊ด	10.00	1250.00	125.00
1950	151	60	ยืนยัน	20.00	บน	20.00	1840.00	92.00
1951	151	61	ยืนยัน	20.00	บน	20.00	1840.00	92.00
1952	151	62	ยืนยัน	20.00	บน	20.00	1840.00	92.00
1953	151	63	ยืนยัน	20.00	บน	20.00	1840.00	92.00
1954	151	64	ยืนยัน	20.00	บน	20.00	1840.00	92.00
1955	151	65	ยืนยัน	20.00	บน	20.00	1840.00	92.00
1956	151	66	ยืนยัน	20.00	บน	10.00	920.00	92.00
1957	151	67	ยืนยัน	20.00	บน	20.00	1840.00	92.00
1958	151	68	ยืนยัน	20.00	บน	20.00	1840.00	92.00
1959	151	69	ยืนยัน	20.00	บน	20.00	1840.00	92.00
1960	151	06	ยืนยัน	20.00	บน	20.00	1840.00	92.00
1961	151	16	ยืนยัน	20.00	บน	20.00	1840.00	92.00
1962	151	26	ยืนยัน	20.00	บน	20.00	1840.00	92.00
1963	151	36	ยืนยัน	20.00	บน	20.00	1840.00	92.00
1964	151	46	ยืนยัน	20.00	บน	20.00	1840.00	92.00
1965	151	56	ยืนยัน	20.00	บน	20.00	1840.00	92.00
1966	151	76	ยืนยัน	20.00	บน	20.00	1840.00	92.00
1967	151	86	ยืนยัน	20.00	บน	20.00	1840.00	92.00
1968	151	96	ยืนยัน	20.00	บน	20.00	1840.00	92.00
1969	151	40	ยืนยัน	20.00	บน	20.00	1840.00	92.00
1970	151	41	ยืนยัน	20.00	บน	20.00	1840.00	92.00
1971	151	42	ยืนยัน	20.00	บน	20.00	1840.00	92.00
1972	151	43	ยืนยัน	20.00	บน	20.00	1840.00	92.00
1973	151	45	ยืนยัน	20.00	บน	20.00	1840.00	92.00
1974	151	46	ยืนยัน	20.00	บน	20.00	1840.00	92.00
1975	151	47	ยืนยัน	20.00	บน	20.00	1840.00	92.00
1976	151	48	ยืนยัน	20.00	บน	20.00	1840.00	92.00
1977	151	49	ยืนยัน	20.00	บน	20.00	1840.00	92.00
1978	151	04	ยืนยัน	20.00	บน	20.00	1840.00	92.00
1979	151	14	ยืนยัน	20.00	บน	20.00	1840.00	92.00
1980	151	24	ยืนยัน	20.00	บน	20.00	1840.00	92.00
1981	151	34	ยืนยัน	20.00	บน	20.00	1840.00	92.00
1982	151	54	ยืนยัน	20.00	บน	20.00	1840.00	92.00
1983	151	64	ยืนยัน	20.00	บน	20.00	1840.00	92.00
1984	151	74	ยืนยัน	20.00	บน	20.00	1840.00	92.00
1985	151	84	ยืนยัน	20.00	บน	20.00	1840.00	92.00
1986	151	94	ยืนยัน	20.00	บน	20.00	1840.00	92.00
1987	151	60	ยืนยัน	10.00	ล่าง	10.00	920.00	92.00
1988	151	61	ยืนยัน	10.00	ล่าง	10.00	920.00	92.00
1989	151	62	ยืนยัน	10.00	ล่าง	10.00	920.00	92.00
1990	151	63	ยืนยัน	10.00	ล่าง	10.00	920.00	92.00
1991	151	64	ยืนยัน	10.00	ล่าง	10.00	920.00	92.00
1992	151	65	ยืนยัน	10.00	ล่าง	10.00	920.00	92.00
1993	151	66	ยืนยัน	10.00	ล่าง	5.00	460.00	92.00
1994	151	67	ยืนยัน	10.00	ล่าง	10.00	920.00	92.00
1995	151	68	ยืนยัน	10.00	ล่าง	10.00	920.00	92.00
1996	151	69	ยืนยัน	10.00	ล่าง	10.00	920.00	92.00
1997	151	06	ยืนยัน	10.00	ล่าง	10.00	920.00	92.00
1998	151	16	ยืนยัน	10.00	ล่าง	10.00	920.00	92.00
1999	151	26	ยืนยัน	10.00	ล่าง	10.00	920.00	92.00
2000	151	36	ยืนยัน	10.00	ล่าง	10.00	920.00	92.00
2001	151	46	ยืนยัน	10.00	ล่าง	10.00	920.00	92.00
2002	151	56	ยืนยัน	10.00	ล่าง	10.00	920.00	92.00
2003	151	76	ยืนยัน	10.00	ล่าง	10.00	920.00	92.00
2004	151	86	ยืนยัน	10.00	ล่าง	10.00	920.00	92.00
2005	151	96	ยืนยัน	10.00	ล่าง	10.00	920.00	92.00
2007	151	41	ยืนยัน	10.00	ล่าง	10.00	920.00	92.00
2008	151	42	ยืนยัน	10.00	ล่าง	10.00	920.00	92.00
2009	151	43	ยืนยัน	10.00	ล่าง	10.00	920.00	92.00
2010	151	45	ยืนยัน	10.00	ล่าง	10.00	920.00	92.00
2011	151	46	ยืนยัน	10.00	ล่าง	10.00	920.00	92.00
2012	151	47	ยืนยัน	10.00	ล่าง	10.00	920.00	92.00
2013	151	48	ยืนยัน	10.00	ล่าง	10.00	920.00	92.00
2014	151	49	ยืนยัน	10.00	ล่าง	10.00	920.00	92.00
2015	151	04	ยืนยัน	10.00	ล่าง	10.00	920.00	92.00
2016	151	14	ยืนยัน	10.00	ล่าง	10.00	920.00	92.00
2017	151	24	ยืนยัน	10.00	ล่าง	10.00	920.00	92.00
2018	151	34	ยืนยัน	10.00	ล่าง	10.00	920.00	92.00
2019	151	54	ยืนยัน	10.00	ล่าง	10.00	920.00	92.00
2020	151	64	ยืนยัน	10.00	ล่าง	10.00	920.00	92.00
2021	151	74	ยืนยัน	10.00	ล่าง	10.00	920.00	92.00
2022	151	84	ยืนยัน	10.00	ล่าง	10.00	920.00	92.00
2023	151	94	ยืนยัน	10.00	ล่าง	10.00	920.00	92.00
2024	152	333	ยืนยัน	10.00	ตรง	10.00	8000.00	800.00
2025	152	444	ยืนยัน	10.00	ตรง	10.00	8000.00	800.00
2026	152	555	ยืนยัน	10.00	ตรง	10.00	8000.00	800.00
2027	152	666	ยืนยัน	10.00	ตรง	10.00	8000.00	800.00
2028	152	777	ยืนยัน	10.00	ตรง	10.00	8000.00	800.00
2029	152	888	ยืนยัน	10.00	ตรง	10.00	8000.00	800.00
2030	152	999	ยืนยัน	10.00	ตรง	10.00	8000.00	800.00
2031	153	333	ยืนยัน	10.00	ตรง	10.00	8000.00	800.00
2032	153	444	ยืนยัน	10.00	ตรง	10.00	8000.00	800.00
2033	153	555	ยืนยัน	10.00	ตรง	10.00	8000.00	800.00
2034	153	666	ยืนยัน	10.00	ตรง	10.00	8000.00	800.00
2048	158	111	ยืนยัน	100.00	โต๊ด	100.00	0.00	0.00
2006	151	40	ยืนยัน	10.00	ล่าง	10.00	920.00	92.00
2035	153	777	ยืนยัน	10.00	ตรง	10.00	8000.00	800.00
2036	153	888	ยืนยัน	10.00	ตรง	10.00	8000.00	800.00
2037	153	999	ยืนยัน	10.00	ตรง	10.00	8000.00	800.00
2038	154	333	ยืนยัน	10.00	ตรง	10.00	8000.00	800.00
2039	154	444	ยืนยัน	10.00	ตรง	10.00	8000.00	800.00
2040	154	555	ยืนยัน	10.00	ตรง	10.00	8000.00	800.00
2041	154	666	ยืนยัน	10.00	ตรง	10.00	8000.00	800.00
2042	154	777	ยืนยัน	10.00	ตรง	10.00	8000.00	800.00
2043	154	888	ยืนยัน	10.00	ตรง	10.00	8000.00	800.00
2044	154	999	ยืนยัน	10.00	ตรง	10.00	8000.00	800.00
1414	136	20	ยืนยัน	10.00	ล่าง	10.00	920.00	92.00
1415	136	21	ยืนยัน	10.00	ล่าง	10.00	920.00	92.00
1416	136	23	ยืนยัน	10.00	ล่าง	10.00	920.00	92.00
1417	136	24	ยืนยัน	10.00	ล่าง	10.00	920.00	92.00
1418	136	25	ยืนยัน	10.00	ล่าง	10.00	920.00	92.00
1419	136	26	ยืนยัน	10.00	ล่าง	10.00	920.00	92.00
1420	136	27	ยืนยัน	10.00	ล่าง	10.00	920.00	92.00
1421	136	28	ยืนยัน	10.00	ล่าง	10.00	920.00	92.00
1422	136	29	ยืนยัน	10.00	ล่าง	10.00	920.00	92.00
1423	136	02	ยืนยัน	10.00	ล่าง	10.00	920.00	92.00
1424	136	12	ยืนยัน	10.00	ล่าง	10.00	920.00	92.00
1425	136	32	ยืนยัน	10.00	ล่าง	10.00	920.00	92.00
1426	136	42	ยืนยัน	10.00	ล่าง	10.00	920.00	92.00
1427	136	52	ยืนยัน	10.00	ล่าง	10.00	920.00	92.00
1428	136	62	ยืนยัน	10.00	ล่าง	10.00	920.00	92.00
1429	136	72	ยืนยัน	10.00	ล่าง	10.00	920.00	92.00
1430	136	82	ยืนยัน	10.00	ล่าง	10.00	920.00	92.00
1431	136	92	ยืนยัน	10.00	ล่าง	10.00	920.00	92.00
1404	135	529	ยืนยัน	10.00	ตรง	10.00	8000.00	800.00
1405	135	898	ยืนยัน	10.00	ตรง	10.00	8000.00	800.00
1406	135	798	ยืนยัน	10.00	ตรง	10.00	8000.00	800.00
1407	135	765	ยืนยัน	10.00	ตรง	10.00	8000.00	800.00
1408	135	433	ยืนยัน	10.00	ตรง	10.00	8000.00	800.00
2098	164	544	\N	20.00	โต๊ด	20.00	2500.00	125.00
2099	164	489	\N	20.00	โต๊ด	20.00	2500.00	125.00
2100	164	456	\N	20.00	โต๊ด	20.00	2500.00	125.00
2101	164	214	\N	20.00	โต๊ด	20.00	2500.00	125.00
2102	164	321	\N	20.00	โต๊ด	20.00	2500.00	125.00
2103	164	456	\N	20.00	โต๊ด	20.00	2500.00	125.00
2104	164	666	\N	20.00	โต๊ด	20.00	2500.00	125.00
2105	164	984	\N	20.00	โต๊ด	20.00	2500.00	125.00
2106	164	654	\N	20.00	โต๊ด	20.00	2500.00	125.00
2107	164	412	\N	20.00	โต๊ด	20.00	2500.00	125.00
2108	164	123	\N	20.00	โต๊ด	10.00	1250.00	125.00
2109	164	654	\N	20.00	โต๊ด	20.00	2500.00	125.00
2110	164	666	\N	20.00	โต๊ด	20.00	2500.00	125.00
2111	164	984	\N	20.00	โต๊ด	20.00	2500.00	125.00
2112	164	654	\N	20.00	โต๊ด	20.00	2500.00	125.00
2113	164	412	\N	20.00	โต๊ด	20.00	2500.00	125.00
2114	164	123	\N	20.00	โต๊ด	10.00	1250.00	125.00
2115	164	654	\N	20.00	โต๊ด	20.00	2500.00	125.00
2116	164	666	\N	20.00	โต๊ด	20.00	2500.00	125.00
2117	164	489	\N	20.00	โต๊ด	20.00	2500.00	125.00
2118	164	456	\N	20.00	โต๊ด	20.00	2500.00	125.00
2119	164	214	\N	20.00	โต๊ด	20.00	2500.00	125.00
2120	164	321	\N	20.00	โต๊ด	20.00	2500.00	125.00
2121	164	456	\N	20.00	โต๊ด	20.00	2500.00	125.00
2122	164	666	\N	20.00	โต๊ด	20.00	2500.00	125.00
2123	164	984	\N	20.00	โต๊ด	20.00	2500.00	125.00
2124	164	654	\N	20.00	โต๊ด	20.00	2500.00	125.00
2125	164	412	\N	20.00	โต๊ด	20.00	2500.00	125.00
2126	164	123	\N	20.00	โต๊ด	10.00	1250.00	125.00
2127	164	654	\N	20.00	โต๊ด	20.00	2500.00	125.00
2128	164	666	\N	20.00	โต๊ด	20.00	2500.00	125.00
2129	164	489	\N	20.00	โต๊ด	20.00	2500.00	125.00
2130	164	456	\N	20.00	โต๊ด	20.00	2500.00	125.00
2131	164	214	\N	20.00	โต๊ด	20.00	2500.00	125.00
2132	164	321	\N	20.00	โต๊ด	20.00	2500.00	125.00
2133	164	456	\N	20.00	โต๊ด	20.00	2500.00	125.00
2134	164	666	\N	20.00	โต๊ด	20.00	2500.00	125.00
2135	164	489	\N	20.00	โต๊ด	20.00	2500.00	125.00
2601	184	459	ยืนยัน	300.00	ล่าง	150.00	21750.00	145.00
2602	184	879	ยืนยัน	300.00	ล่าง	150.00	21750.00	145.00
2603	184	987	ยืนยัน	300.00	ล่าง	300.00	43500.00	145.00
2604	184	997	ยืนยัน	300.00	ล่าง	300.00	43500.00	145.00
2605	184	877	ยืนยัน	300.00	ล่าง	300.00	43500.00	145.00
2606	184	456	ยืนยัน	300.00	ล่าง	300.00	43500.00	145.00
2502	183	11	ยืนยัน	10.00	บน	10.00	900.00	90.00
2503	183	22	ยืนยัน	10.00	บน	10.00	900.00	90.00
2504	183	33	ยืนยัน	10.00	บน	10.00	900.00	90.00
2505	183	44	ยืนยัน	10.00	บน	10.00	900.00	90.00
2506	183	55	ยืนยัน	10.00	บน	10.00	900.00	90.00
2507	183	66	ยืนยัน	10.00	บน	10.00	900.00	90.00
2508	183	77	ยืนยัน	10.00	บน	10.00	900.00	90.00
2509	183	88	ยืนยัน	10.00	บน	10.00	900.00	90.00
2510	183	99	ยืนยัน	10.00	บน	10.00	900.00	90.00
2511	183	78	ยืนยัน	10.00	บน	5.00	450.00	90.00
2512	183	78	ยืนยัน	10.00	บน	5.00	450.00	90.00
2513	183	78	ยืนยัน	10.00	บน	5.00	450.00	90.00
2514	183	78	ยืนยัน	10.00	บน	5.00	450.00	90.00
2515	183	79	ยืนยัน	10.00	บน	5.00	450.00	90.00
2516	183	98	ยืนยัน	10.00	บน	5.00	450.00	90.00
2517	183	11	ยืนยัน	10.00	บน	10.00	900.00	90.00
2518	183	22	ยืนยัน	10.00	บน	10.00	900.00	90.00
2519	183	33	ยืนยัน	10.00	บน	10.00	900.00	90.00
2520	183	44	ยืนยัน	10.00	บน	10.00	900.00	90.00
2521	183	55	ยืนยัน	10.00	บน	10.00	900.00	90.00
2522	183	66	ยืนยัน	10.00	บน	10.00	900.00	90.00
2523	183	77	ยืนยัน	10.00	บน	10.00	900.00	90.00
2524	183	88	ยืนยัน	10.00	บน	10.00	900.00	90.00
2525	183	99	ยืนยัน	10.00	บน	10.00	900.00	90.00
2526	183	87	ยืนยัน	10.00	บน	10.00	900.00	90.00
2527	183	87	ยืนยัน	10.00	บน	10.00	900.00	90.00
2528	183	87	ยืนยัน	10.00	บน	10.00	900.00	90.00
2529	183	87	ยืนยัน	10.00	บน	10.00	900.00	90.00
2530	183	97	ยืนยัน	10.00	บน	10.00	900.00	90.00
2531	183	89	ยืนยัน	10.00	บน	10.00	900.00	90.00
2532	183	11	ยืนยัน	20.00	ล่าง	20.00	1800.00	90.00
2533	183	22	ยืนยัน	20.00	ล่าง	20.00	1800.00	90.00
2534	183	33	ยืนยัน	20.00	ล่าง	20.00	1800.00	90.00
2535	183	44	ยืนยัน	20.00	ล่าง	20.00	1800.00	90.00
2536	183	55	ยืนยัน	20.00	ล่าง	20.00	1800.00	90.00
2537	183	66	ยืนยัน	20.00	ล่าง	20.00	1800.00	90.00
2538	183	77	ยืนยัน	20.00	ล่าง	20.00	1800.00	90.00
2539	183	88	ยืนยัน	20.00	ล่าง	20.00	1800.00	90.00
2540	183	99	ยืนยัน	20.00	ล่าง	20.00	1800.00	90.00
2541	183	78	ยืนยัน	20.00	ล่าง	10.00	900.00	90.00
2542	183	78	ยืนยัน	20.00	ล่าง	10.00	900.00	90.00
2543	183	78	ยืนยัน	20.00	ล่าง	10.00	900.00	90.00
2544	183	78	ยืนยัน	20.00	ล่าง	10.00	900.00	90.00
2545	183	79	ยืนยัน	20.00	ล่าง	10.00	900.00	90.00
2546	183	98	ยืนยัน	20.00	ล่าง	10.00	900.00	90.00
2547	183	11	ยืนยัน	20.00	ล่าง	20.00	1800.00	90.00
2548	183	22	ยืนยัน	20.00	ล่าง	20.00	1800.00	90.00
2549	183	33	ยืนยัน	20.00	ล่าง	20.00	1800.00	90.00
2550	183	44	ยืนยัน	20.00	ล่าง	20.00	1800.00	90.00
2551	183	55	ยืนยัน	20.00	ล่าง	20.00	1800.00	90.00
2552	183	66	ยืนยัน	20.00	ล่าง	20.00	1800.00	90.00
2553	183	77	ยืนยัน	20.00	ล่าง	20.00	1800.00	90.00
2554	183	88	ยืนยัน	20.00	ล่าง	20.00	1800.00	90.00
2555	183	99	ยืนยัน	20.00	ล่าง	20.00	1800.00	90.00
2556	183	87	ยืนยัน	20.00	ล่าง	20.00	1800.00	90.00
2557	183	87	ยืนยัน	20.00	ล่าง	20.00	1800.00	90.00
2558	183	87	ยืนยัน	20.00	ล่าง	20.00	1800.00	90.00
2559	183	87	ยืนยัน	20.00	ล่าง	20.00	1800.00	90.00
2560	183	97	ยืนยัน	20.00	ล่าง	20.00	1800.00	90.00
2561	183	89	ยืนยัน	20.00	ล่าง	20.00	1800.00	90.00
2298	174	478	คืนเลข	10.00	ตรง	10.00	1000.00	100.00
2299	174	874	คืนเลข	10.00	ตรง	10.00	1000.00	100.00
2300	174	874	คืนเลข	10.00	ตรง	10.00	1000.00	100.00
2301	174	478	คืนเลข	10.00	ตรง	10.00	1000.00	100.00
2302	174	874	คืนเลข	10.00	ตรง	10.00	1000.00	100.00
2282	173	25	คืนเลข	10.00	บน	5.00	2000.00	400.00
2283	173	48	คืนเลข	10.00	บน	10.00	4000.00	400.00
2284	173	47	คืนเลข	10.00	บน	10.00	4000.00	400.00
2285	173	65	คืนเลข	10.00	บน	10.00	4000.00	400.00
2286	173	46	คืนเลข	10.00	บน	10.00	4000.00	400.00
2287	173	31	คืนเลข	10.00	บน	10.00	4000.00	400.00
2288	173	25	คืนเลข	10.00	บน	5.00	2000.00	400.00
2289	173	44	คืนเลข	10.00	บน	10.00	4000.00	400.00
2290	173	25	คืนเลข	20.00	ล่าง	10.00	5000.00	500.00
2291	173	48	คืนเลข	20.00	ล่าง	20.00	10000.00	500.00
2292	173	47	คืนเลข	20.00	ล่าง	20.00	10000.00	500.00
2293	173	65	คืนเลข	20.00	ล่าง	20.00	10000.00	500.00
2294	173	46	คืนเลข	20.00	ล่าง	20.00	10000.00	500.00
2295	173	31	คืนเลข	20.00	ล่าง	20.00	10000.00	500.00
2296	173	25	คืนเลข	20.00	ล่าง	10.00	5000.00	500.00
2297	173	44	คืนเลข	20.00	ล่าง	20.00	10000.00	500.00
2303	174	478	คืนเลข	10.00	ตรง	10.00	1000.00	100.00
2304	174	478	คืนเลข	10.00	ตรง	10.00	1000.00	100.00
2305	174	874	คืนเลข	10.00	ตรง	10.00	1000.00	100.00
2306	174	847	คืนเลข	10.00	ตรง	10.00	1000.00	100.00
2307	174	874	คืนเลข	10.00	ตรง	10.00	1000.00	100.00
2308	174	478	คืนเลข	10.00	ตรง	10.00	1000.00	100.00
2309	174	478	คืนเลข	10.00	ตรง	10.00	1000.00	100.00
2310	174	874	คืนเลข	10.00	ตรง	10.00	1000.00	100.00
2311	174	478	คืนเลข	10.00	ตรง	10.00	1000.00	100.00
2312	174	874	คืนเลข	10.00	ตรง	10.00	1000.00	100.00
2313	174	874	คืนเลข	10.00	ตรง	10.00	1000.00	100.00
2314	174	478	คืนเลข	10.00	ตรง	10.00	1000.00	100.00
2315	174	478	คืนเลข	20.00	โต๊ด	20.00	4000.00	200.00
2316	174	874	คืนเลข	20.00	โต๊ด	20.00	4000.00	200.00
2317	174	874	คืนเลข	20.00	โต๊ด	20.00	4000.00	200.00
2318	174	478	คืนเลข	20.00	โต๊ด	20.00	4000.00	200.00
2319	174	874	คืนเลข	20.00	โต๊ด	20.00	4000.00	200.00
2320	174	478	คืนเลข	20.00	โต๊ด	20.00	4000.00	200.00
2321	174	478	คืนเลข	20.00	โต๊ด	20.00	4000.00	200.00
2322	174	874	คืนเลข	20.00	โต๊ด	20.00	4000.00	200.00
2323	174	847	คืนเลข	20.00	โต๊ด	20.00	4000.00	200.00
2324	174	874	คืนเลข	20.00	โต๊ด	20.00	4000.00	200.00
2325	174	478	คืนเลข	20.00	โต๊ด	20.00	4000.00	200.00
2326	174	478	คืนเลข	20.00	โต๊ด	20.00	4000.00	200.00
2327	174	874	คืนเลข	20.00	โต๊ด	20.00	4000.00	200.00
2328	174	478	คืนเลข	20.00	โต๊ด	20.00	4000.00	200.00
2329	174	874	คืนเลข	20.00	โต๊ด	20.00	4000.00	200.00
2330	174	874	คืนเลข	20.00	โต๊ด	20.00	4000.00	200.00
2331	174	478	คืนเลข	20.00	โต๊ด	20.00	4000.00	200.00
2332	174	478	คืนเลข	30.00	ล่าง	30.00	9000.00	300.00
2333	174	874	คืนเลข	30.00	ล่าง	30.00	9000.00	300.00
2334	174	874	คืนเลข	30.00	ล่าง	30.00	9000.00	300.00
2335	174	478	คืนเลข	30.00	ล่าง	30.00	9000.00	300.00
2336	174	874	คืนเลข	30.00	ล่าง	30.00	9000.00	300.00
2337	174	478	คืนเลข	30.00	ล่าง	30.00	9000.00	300.00
2338	174	478	คืนเลข	30.00	ล่าง	30.00	9000.00	300.00
2339	174	874	คืนเลข	30.00	ล่าง	30.00	9000.00	300.00
2340	174	847	คืนเลข	30.00	ล่าง	30.00	9000.00	300.00
2341	174	874	คืนเลข	30.00	ล่าง	30.00	9000.00	300.00
2342	174	478	คืนเลข	30.00	ล่าง	30.00	9000.00	300.00
2343	174	478	คืนเลข	30.00	ล่าง	30.00	9000.00	300.00
2344	174	874	คืนเลข	30.00	ล่าง	30.00	9000.00	300.00
2562	184	111	ยืนยัน	100.00	ตรง	100.00	80000.00	800.00
2563	184	222	ยืนยัน	100.00	ตรง	100.00	80000.00	800.00
2564	184	333	ยืนยัน	100.00	ตรง	100.00	80000.00	800.00
2345	174	478	คืนเลข	30.00	ล่าง	30.00	9000.00	300.00
2346	174	874	คืนเลข	30.00	ล่าง	30.00	9000.00	300.00
2347	174	874	คืนเลข	30.00	ล่าง	30.00	9000.00	300.00
2348	174	478	คืนเลข	30.00	ล่าง	30.00	9000.00	300.00
2349	175	11	\N	200.00	บน	200.00	19000.00	95.00
2350	175	22	\N	200.00	บน	200.00	19000.00	95.00
2351	175	33	\N	200.00	บน	200.00	19000.00	95.00
2352	175	44	\N	200.00	บน	200.00	19000.00	95.00
2353	175	55	\N	200.00	บน	200.00	19000.00	95.00
2354	175	66	\N	200.00	บน	200.00	19000.00	95.00
2355	175	77	\N	200.00	บน	200.00	19000.00	95.00
2356	175	88	\N	200.00	บน	200.00	19000.00	95.00
2357	175	99	\N	200.00	บน	200.00	19000.00	95.00
2358	175	11	\N	100.00	ล่าง	100.00	9500.00	95.00
2359	175	22	\N	100.00	ล่าง	100.00	9500.00	95.00
2360	175	33	\N	100.00	ล่าง	100.00	9500.00	95.00
2361	175	44	\N	100.00	ล่าง	100.00	9500.00	95.00
2362	175	55	\N	100.00	ล่าง	100.00	9500.00	95.00
2363	175	66	\N	100.00	ล่าง	100.00	9500.00	95.00
2364	175	77	\N	100.00	ล่าง	100.00	9500.00	95.00
2365	175	88	\N	100.00	ล่าง	100.00	9500.00	95.00
2366	175	99	\N	100.00	ล่าง	100.00	9500.00	95.00
2367	176	12	\N	10.00	บน	10.00	950.00	95.00
2368	176	34	\N	10.00	บน	10.00	950.00	95.00
2369	176	44	\N	10.00	บน	10.00	950.00	95.00
2370	176	11	\N	10.00	บน	10.00	950.00	95.00
2371	176	25	\N	10.00	บน	10.00	950.00	95.00
2372	176	45	\N	10.00	บน	10.00	950.00	95.00
2373	176	64	\N	10.00	บน	10.00	950.00	95.00
2374	176	66	\N	10.00	บน	10.00	950.00	95.00
2375	176	12	\N	10.00	ล่าง	10.00	950.00	95.00
2376	176	34	\N	10.00	ล่าง	10.00	950.00	95.00
2377	176	44	\N	10.00	ล่าง	10.00	950.00	95.00
2378	176	11	\N	10.00	ล่าง	10.00	950.00	95.00
2379	176	25	\N	10.00	ล่าง	10.00	950.00	95.00
2380	176	45	\N	10.00	ล่าง	10.00	950.00	95.00
2381	176	64	\N	10.00	ล่าง	10.00	950.00	95.00
2382	176	66	\N	10.00	ล่าง	10.00	950.00	95.00
2383	177	411	\N	10.00	ตรง	10.00	8500.00	850.00
2384	177	111	\N	10.00	ตรง	10.00	8500.00	850.00
2385	177	222	\N	10.00	ตรง	10.00	8500.00	850.00
2386	177	333	\N	10.00	ตรง	10.00	8500.00	850.00
2387	177	444	\N	10.00	ตรง	10.00	8500.00	850.00
2388	177	555	\N	10.00	ตรง	10.00	8500.00	850.00
2389	177	666	\N	10.00	ตรง	10.00	8500.00	850.00
2390	177	777	\N	10.00	ตรง	10.00	8500.00	850.00
2391	177	888	\N	10.00	ตรง	10.00	8500.00	850.00
2392	177	999	\N	10.00	ตรง	10.00	8500.00	850.00
2393	178	11	\N	30.00	บน	30.00	2700.00	90.00
2394	178	22	\N	30.00	บน	30.00	2700.00	90.00
2395	178	33	\N	30.00	บน	30.00	2700.00	90.00
2396	178	44	\N	30.00	บน	30.00	2700.00	90.00
2397	178	55	\N	30.00	บน	30.00	2700.00	90.00
2398	178	66	\N	30.00	บน	30.00	2700.00	90.00
2399	178	77	\N	30.00	บน	30.00	2700.00	90.00
2400	178	88	\N	30.00	บน	30.00	2700.00	90.00
2401	178	99	\N	30.00	บน	30.00	2700.00	90.00
2402	178	15	\N	30.00	บน	30.00	2700.00	90.00
2403	178	11	\N	20.00	ล่าง	20.00	1800.00	90.00
2404	178	22	\N	20.00	ล่าง	20.00	1800.00	90.00
2405	178	33	\N	20.00	ล่าง	20.00	1800.00	90.00
2406	178	44	\N	20.00	ล่าง	20.00	1800.00	90.00
2407	178	55	\N	20.00	ล่าง	20.00	1800.00	90.00
2408	178	66	\N	20.00	ล่าง	20.00	1800.00	90.00
2409	178	77	\N	20.00	ล่าง	20.00	1800.00	90.00
2410	178	88	\N	20.00	ล่าง	20.00	1800.00	90.00
2411	178	99	\N	20.00	ล่าง	20.00	1800.00	90.00
2412	178	15	\N	20.00	ล่าง	20.00	1800.00	90.00
2413	179	111	\N	10.00	โต๊ด	10.00	1250.00	125.00
2414	179	222	\N	10.00	โต๊ด	10.00	1250.00	125.00
2415	179	333	\N	10.00	โต๊ด	10.00	1250.00	125.00
2416	179	444	\N	10.00	โต๊ด	10.00	1250.00	125.00
2417	179	555	\N	10.00	โต๊ด	10.00	1250.00	125.00
2418	179	666	\N	10.00	โต๊ด	10.00	1250.00	125.00
2419	179	777	\N	10.00	โต๊ด	10.00	1250.00	125.00
2420	179	888	\N	10.00	โต๊ด	10.00	1250.00	125.00
2421	179	999	\N	10.00	โต๊ด	10.00	1250.00	125.00
2422	179	111	\N	20.00	ล่าง	20.00	2900.00	145.00
2423	179	222	\N	20.00	ล่าง	20.00	2900.00	145.00
2424	179	333	\N	20.00	ล่าง	20.00	2900.00	145.00
2425	179	444	\N	20.00	ล่าง	20.00	2900.00	145.00
2426	179	555	\N	20.00	ล่าง	20.00	2900.00	145.00
2427	179	666	\N	20.00	ล่าง	20.00	2900.00	145.00
2428	179	777	\N	20.00	ล่าง	20.00	2900.00	145.00
2429	179	888	\N	20.00	ล่าง	20.00	2900.00	145.00
2430	179	999	\N	20.00	ล่าง	20.00	2900.00	145.00
2565	184	444	ยืนยัน	100.00	ตรง	100.00	80000.00	800.00
2566	184	555	ยืนยัน	100.00	ตรง	100.00	80000.00	800.00
2567	184	666	ยืนยัน	100.00	ตรง	100.00	80000.00	800.00
2568	184	777	ยืนยัน	100.00	ตรง	100.00	80000.00	800.00
2569	184	888	ยืนยัน	100.00	ตรง	100.00	80000.00	800.00
2570	184	999	ยืนยัน	100.00	ตรง	100.00	80000.00	800.00
2571	184	459	ยืนยัน	100.00	ตรง	50.00	40000.00	800.00
2572	184	879	ยืนยัน	100.00	ตรง	50.00	40000.00	800.00
2573	184	987	ยืนยัน	100.00	ตรง	100.00	80000.00	800.00
2574	184	997	ยืนยัน	100.00	ตรง	100.00	80000.00	800.00
2575	184	877	ยืนยัน	100.00	ตรง	100.00	80000.00	800.00
2576	184	456	ยืนยัน	100.00	ตรง	100.00	80000.00	800.00
\.


--
-- TOC entry 3404 (class 0 OID 32854)
-- Dependencies: 221
-- Data for Name: bill_entries; Type: TABLE DATA; Schema: public; Owner: postgres
--

COPY public.bill_entries (id, bill_id, bet_type, total) FROM stdin;
151	104	2d	1110.00
152	104	3d	70.00
153	104	3d	70.00
154	104	3d	70.00
158	108	3d	900.00
159	108	3d	1200.00
160	108	3d	90.00
161	109	2d	70.00
162	109	2d	210.00
163	110	run	30.00
164	111	3d	980.00
165	112	2d	210.00
166	113	2d	2700.00
167	114	3d	270.00
168	115	2d	270.00
169	116	3d	190.00
173	119	2d	240.00
174	119	3d	1020.00
175	120	2d	2700.00
176	121	2d	160.00
177	121	3d	100.00
178	122	2d	500.00
179	122	3d	270.00
182	124	2d	270.00
183	125	2d	900.00
184	126	3d	9000.00
116	82	2d	90.00
117	83	2d	900.00
118	83	2d	900.00
119	84	2d	2700.00
120	85	2d	1400.00
121	86	3d	100.00
122	87	2d	3300.00
123	88	2d	2700.00
124	88	3d	720.00
125	88	2d	40.00
126	89	2d	360.00
127	89	3d	270.00
128	90	2d	2700.00
129	91	run	140.00
134	94	2d	800.00
135	95	3d	150.00
136	96	2d	180.00
\.


--
-- TOC entry 3402 (class 0 OID 32837)
-- Dependencies: 219
-- Data for Name: bills; Type: TABLE DATA; Schema: public; Owner: postgres
--

COPY public.bills (id, bill_ref, user_id, note, total_amount, created_at, bet_name, status, lotto_round_id, bill_lotto_draw) FROM stdin;
89	ZMfWcioVHHSBNwJZ99ph	7	ทดสอบๆๆๆๆๆๆๆ	630.00	2025-07-20 22:09:26.323204+07	หวยประเทศไทย	ยืนยันแล้ว	520	2025-07-20 23:08:00+07
104	9r1TTU5WSx2AZhwsUXOe	7	ทดสอบๆ ระบบอัตโนมัติ	1320.00	2025-07-21 10:33:39.640058+07	หุ้นฮั่งเส็ง เช้า	ยืนยันแล้ว	489	2025-07-21 10:35:00+07
96	noKYq-_7rOXSURMdEbmi	7	ทดสอบๆ ระบบอัตโนมัติ	180.00	2025-07-21 10:30:46.697532+07	หุ้นฮั่งเส็ง เช้า	ยืนยันแล้ว	489	2025-07-21 10:35:00+07
95	QPwTrkI6WKKqGaZmlogf	7	ทดสอบๆ ระบบอัตโนมัติ	150.00	2025-07-21 10:30:17.84082+07	หุ้นฮั่งเส็ง เช้า	ยืนยันแล้ว	489	2025-07-21 10:35:00+07
94	PAKdPe6Es1YukjVcfdgN	7	ทดสอบๆ ระบบอัตโนมัติ	800.00	2025-07-21 10:30:06.24373+07	หุ้นฮั่งเส็ง เช้า	ยืนยันแล้ว	489	2025-07-21 10:35:00+07
91	MrITjJV8MHi7gpSUykOD	7	ทดสอบๆ ระบบอัตโนมัติ	140.00	2025-07-21 10:27:12.418861+07	หุ้นฮั่งเส็ง เช้า	ยืนยันแล้ว	489	2025-07-21 10:35:00+07
90	LCafUc6Ea9Zgok9Pvo2-	7	ทดสอบๆ	2700.00	2025-07-21 10:26:34.462605+07	หุ้นฮั่งเส็ง เช้า	ยืนยันแล้ว	489	2025-07-21 10:35:00+07
109	9PW1p26GNZz8k5kAOQQd	7	xaz	280.00	2025-07-21 11:14:18.682831+07	หวยประเทศไทย	รอผล	505	2025-08-01 12:00:00+07
110	BhZVTM5DAylzUTqIeWlR	7	asdassad	30.00	2025-07-21 11:15:48.761481+07	หวยประเทศไทย	รอผล	505	2025-08-01 12:00:00+07
111	kpr3wbkLxhFxYXa-3XQC	7	sdasdsadd	980.00	2025-07-21 11:23:29.864393+07	หวยประเทศไทย	รอผล	505	2025-08-01 12:00:00+07
108	WDrx_xSO-UfOLPqAu8D1	7	ฟหกฟหก	2190.00	2025-07-21 11:03:44.339766+07	หวยฮานอย พิเศษ	ยืนยันแล้ว	516	2025-07-21 17:05:00+07
112	Uk4BeIP68TixVlEb3bfe	7	asdasd	210.00	2025-07-21 12:01:40.439702+07	หวยประเทศไทย	รอผล	505	2025-08-01 12:00:00+07
114	_SvAonBrgF8zG5TGlPvb	7	ฟหกฟหก	270.00	2025-07-21 14:51:40.504268+07	หวยประเทศไทย	รอผล	505	2025-08-01 12:00:00+07
115	Oz1BtETp9tov02Rtpp9P	8	user	270.00	2025-07-21 18:17:34.465814+07	หวยลาว	รอผล	499	2025-07-21 19:35:00+07
113	rg6yZnqkO3GwEoTBm5Fk	8	asd	2700.00	2025-07-21 14:43:14.815676+07	หวยประเทศไทย	ยืนยันแล้ว	505	2025-08-01 12:00:00+07
116	c_DDkLDz1M6glZQC0-90	7	asdasd	190.00	2025-07-21 21:02:03.091081+07	หวยประเทศไทย	ยืนยันแล้ว	505	2025-08-01 12:00:00+07
119	B9nGhYafcFPCqs2ijBuM	7	ืทดสอบๆ	1260.00	2025-07-22 12:55:36.986201+07	หวยนี้ถูกนำออกจากระบบแล้ว	ยกเลิก	\N	2025-07-23 12:53:00+07
120	TrZHm5oDQfc6y5zSswW3	7	asd	2700.00	2025-07-22 14:06:07.549167+07	หวยฮานอย	รอผล	568	2025-07-22 18:05:00+07
121	N0IZ-PQrJa1pW-lyXKq5	7	asd	260.00	2025-07-22 14:07:21.502287+07	หวยฮานอย	รอผล	568	2025-07-22 18:05:00+07
122	tmFR6MjK48xZKFGfV83e	7	asdasd	770.00	2025-07-22 14:22:04.711608+07	หวยประเทศไทย	รอผล	505	2025-08-01 12:00:00+07
124	xI3ECdmulxH7-_zKxDvv	2	ทดาอบๆ	270.00	2025-07-22 16:19:52.887737+07	หวยประเทศไทย	ยืนยันแล้ว	505	2025-08-01 12:00:00+07
125	KcyVJ4fKTtwlrqMtZ-AO	2	asdasd	900.00	2025-07-22 16:20:38.496279+07	หวยประเทศไทย	ยืนยันแล้ว	505	2025-08-01 12:00:00+07
126	VD04ktVIyHZVhKWqta6e	7	asdasdads	9000.00	2025-07-22 16:27:50.820597+07	หวยประเทศไทย	ยืนยันแล้ว	505	2025-08-01 12:00:00+07
85	Hw6p_9mQArmezfpDyAsp	7	ฟหกฟหกฟ	1400.00	2025-07-20 18:44:37.278281+07	หวยประเทศไทย	ยืนยันแล้ว	512	2025-07-20 19:20:00+07
86	pBoAayPvJ1T-4ApR3JHX	7	asdasdasdasd	100.00	2025-07-20 18:47:26.048053+07	หวยประเทศไทย	ยืนยันแล้ว	512	2025-07-20 19:20:00+07
84	Mbll7i3Bg1E227CLa4Fi	7	asdasdasdasdasdasd	2700.00	2025-07-20 18:40:39.599708+07	หวยประเทศไทย	ยืนยันแล้ว	512	2025-07-20 19:20:00+07
83	sA2qf5HMfgWdwLRfgB_Q	7	asdasdasd	1800.00	2025-07-20 18:39:57.398384+07	หวยประเทศไทย	ยืนยันแล้ว	512	2025-07-20 19:20:00+07
82	vHDZQdffKBsYIsDojrc5	7	ฟหกฟหก	90.00	2025-07-20 18:03:38.202005+07	หวยฮานอย	ยกเลิก	496	2025-07-20 18:05:00+07
87	6z1y7EkVSGJWoc0scOFg	7	asdasd	3300.00	2025-07-20 20:20:12.726525+07	หวยฮานอย	ยืนยันแล้ว	519	2025-07-20 21:19:00+07
88	3qPE5zzfnkQBuM93Pxw9	7	อันนี้ active 	3460.00	2025-07-20 21:06:29.416222+07	หวยฮานอย VIP	ยืนยันแล้ว	518	2025-07-21 19:05:00+07
\.


--
-- TOC entry 3400 (class 0 OID 32829)
-- Dependencies: 217
-- Data for Name: lotto_rounds; Type: TABLE DATA; Schema: public; Owner: postgres
--

COPY public.lotto_rounds (id, name, cutoff_datetime, created_at, lotto_type_id, open_datetime, status, closed_numbers, half_pay_numbers, winning_numbers) FROM stdin;
520	หวยประเทศไทย	2025-07-20 23:08:00+07	2025-07-20 22:08:47.46843+07	19	2025-07-20 22:08:00+07	manual_closed	["456", "411", "87", "8", "125", "21", "45"]	["648"]	{"2top": ["89", "87"], "3top": ["487", "879", "879", "897"], "3tote": [], "2bottom": ["45"], "3bottom": [], "run_top": ["6", "1", "1", "1", "1", "1", "1"], "run_bottom": ["4"]}
487	หุ้นนิเคอิ เช้า	2025-07-21 09:05:00+07	2025-07-20 15:08:00.007565+07	8	2025-07-21 04:00:00+07	closed	[]	[]	{"2top": [], "3top": [], "3tote": [], "2bottom": [], "3bottom": []}
488	หุ้นจีน เช้า	2025-07-21 10:05:00+07	2025-07-20 15:08:00.007565+07	9	2025-07-21 04:00:00+07	closed	[]	[]	{"2top": [], "3top": [], "3tote": [], "2bottom": [], "3bottom": []}
490	หุ้นไต้หวัน	2025-07-21 12:05:00+07	2025-07-20 15:08:00.007565+07	11	2025-07-21 04:00:00+07	closed	[]	[]	{"2top": [], "3top": [], "3tote": [], "2bottom": [], "3bottom": []}
530	หุ้นดาวโจนส์	2025-07-21 12:52:00+07	2025-07-21 12:51:30.934168+07	5	2025-07-21 12:51:00+07	manual_closed	[]	[]	{"2top": ["79"], "3top": ["123"], "3tote": ["798", "798"], "2bottom": ["54", "49"], "3bottom": ["879"], "run_top": ["7"], "run_bottom": []}
560	หุ้นนิเคอิ เช้า	2025-07-23 09:05:00+07	2025-07-22 11:30:00.030394+07	8	2025-07-23 04:00:00+07	active	[]	[]	{"2top": [], "3top": [], "3tote": [], "2bottom": [], "3bottom": []}
484	หุ้นดาวโจนส์	2025-07-21 02:35:00+07	2025-07-20 15:08:00.007565+07	5	2025-07-21 08:00:00+07	closed	[]	[]	{"2top": ["79"], "3top": ["123"], "3tote": ["798", "798"], "2bottom": ["54", "49", "48", "79", "11"], "3bottom": ["879"], "run_top": ["7"], "run_bottom": []}
491	หุ้นเกาหลี	2025-07-21 13:05:00+07	2025-07-20 15:08:00.007565+07	12	2025-07-21 04:00:00+07	closed	[]	[]	{"2top": [], "3top": [], "3tote": [], "2bottom": [], "3bottom": []}
489	หุ้นฮั่งเส็ง เช้า	2025-07-21 10:35:00+07	2025-07-20 15:08:00.007565+07	10	2025-07-21 04:00:00+07	closed	["154", "654", "564", "1", "2", "111", "222", "22", "33", "44"]	["4", "6", "66", "55"]	{"2top": ["60", "66", "65"], "3top": [], "3tote": ["987"], "2bottom": ["60"], "3bottom": [], "run_top": [], "run_bottom": []}
485	หุ้นอินเดีย	2025-07-21 16:35:00+07	2025-07-20 15:08:00.007565+07	6	2025-07-21 04:00:00+07	closed	[]	[]	{"2top": [], "3top": [], "3tote": [], "2bottom": [], "3bottom": []}
561	หุ้นจีน เช้า	2025-07-23 10:05:00+07	2025-07-22 11:30:00.030394+07	9	2025-07-23 04:00:00+07	active	[]	[]	{"2top": [], "3top": [], "3tote": [], "2bottom": [], "3bottom": []}
524	หุ้นฮั่งเส็ง เช้า	2025-07-22 10:35:00+07	2025-07-21 10:50:00.022526+07	10	2025-07-22 04:00:00+07	closed	[]	[]	{"2top": [], "3top": [], "3tote": [], "2bottom": [], "3bottom": []}
525	หุ้นนิเคอิ บ่าย	2025-07-22 10:00:00+07	2025-07-21 10:50:00.022526+07	13	2025-07-22 04:00:00+07	closed	[]	[]	{"2top": [], "3top": [], "3tote": [], "2bottom": [], "3bottom": []}
481	หุ้นรัสเซีย	2025-07-21 22:00:00+07	2025-07-20 15:08:00.007565+07	2	2025-07-21 04:00:00+07	closed	[]	[]	{"2top": [], "3top": [], "3tote": [], "2bottom": [], "3bottom": []}
482	หุ้นเยอรมัน	2025-07-21 22:00:00+07	2025-07-20 15:08:00.007565+07	3	2025-07-21 04:00:00+07	closed	[]	[]	{"2top": [], "3top": [], "3tote": [], "2bottom": [], "3bottom": []}
483	หุ้นอังกฤษ	2025-07-21 22:00:00+07	2025-07-20 15:08:00.007565+07	4	2025-07-21 04:00:00+07	closed	[]	[]	{"2top": [], "3top": [], "3tote": [], "2bottom": [], "3bottom": []}
554	หุ้นรัสเซีย	2025-07-22 22:00:00+07	2025-07-22 11:30:00.030394+07	2	2025-07-22 04:00:00+07	active	[]	[]	{"2top": [], "3top": [], "3tote": [], "2bottom": [], "3bottom": []}
555	หุ้นเยอรมัน	2025-07-22 22:00:00+07	2025-07-22 11:30:00.030394+07	3	2025-07-22 04:00:00+07	active	[]	[]	{"2top": [], "3top": [], "3tote": [], "2bottom": [], "3bottom": []}
556	หุ้นอังกฤษ	2025-07-22 22:00:00+07	2025-07-22 11:30:00.030394+07	4	2025-07-22 04:00:00+07	active	[]	[]	{"2top": [], "3top": [], "3tote": [], "2bottom": [], "3bottom": []}
557	หุ้นดาวโจนส์	2025-07-23 02:35:00+07	2025-07-22 11:30:00.030394+07	5	2025-07-23 08:00:00+07	active	[]	[]	{"2top": [], "3top": [], "3tote": [], "2bottom": [], "3bottom": []}
562	หุ้นฮั่งเส็ง เช้า	2025-07-23 10:35:00+07	2025-07-22 11:30:00.030394+07	10	2025-07-23 04:00:00+07	active	[]	[]	{"2top": [], "3top": [], "3tote": [], "2bottom": [], "3bottom": []}
564	หุ้นนิเคอิ บ่าย	2025-07-23 10:00:00+07	2025-07-22 11:30:00.030394+07	13	2025-07-23 04:00:00+07	active	[]	[]	{"2top": [], "3top": [], "3tote": [], "2bottom": [], "3bottom": []}
570	หวยลาว	2025-07-23 19:35:00+07	2025-07-22 11:30:00.030394+07	20	2025-07-23 08:00:00+07	active	[]	[]	{"2top": [], "3top": [], "3tote": [], "2bottom": [], "3bottom": []}
571	หุ้นไต้หวัน	2025-07-23 12:05:00+07	2025-07-22 12:05:00.054999+07	11	2025-07-23 04:00:00+07	active	[]	[]	{"2top": [], "3top": [], "3tote": [], "2bottom": [], "3bottom": []}
563	หุ้นเกาหลี	2025-07-22 13:05:00+07	2025-07-22 11:30:00.030394+07	12	2025-07-22 04:00:00+07	closed	[]	[]	{"2top": [], "3top": [], "3tote": [], "2bottom": [], "3bottom": []}
565	หุ้นจีน บ่าย	2025-07-22 13:35:00+07	2025-07-22 11:30:00.030394+07	14	2025-07-22 04:00:00+07	closed	[]	[]	{"2top": [], "3top": [], "3tote": [], "2bottom": [], "3bottom": []}
569	หวยฮานอย VIP	2025-07-22 19:05:00+07	2025-07-22 11:30:00.030394+07	18	2025-07-22 04:00:00+07	closed	[]	[]	{"2top": [], "3top": [], "3tote": [], "2bottom": [], "3bottom": []}
566	หุ้นฮั่งเส็ง บ่าย	2025-07-22 14:35:00+07	2025-07-22 11:30:00.030394+07	15	2025-07-22 04:00:00+07	closed	[]	[]	{"2top": [], "3top": [], "3tote": [], "2bottom": [], "3bottom": []}
567	หุ้นสิงคโปร์	2025-07-22 15:35:00+07	2025-07-22 11:30:00.030394+07	16	2025-07-22 04:00:00+07	closed	[]	[]	{"2top": [], "3top": [], "3tote": [], "2bottom": [], "3bottom": []}
558	หุ้นอินเดีย	2025-07-22 16:35:00+07	2025-07-22 11:30:00.030394+07	6	2025-07-22 04:00:00+07	closed	[]	[]	{"2top": [], "3top": [], "3tote": [], "2bottom": [], "3bottom": []}
559	หุ้นอียิปต์	2025-07-22 17:00:00+07	2025-07-22 11:30:00.030394+07	7	2025-07-22 04:00:00+07	closed	[]	[]	{"2top": [], "3top": [], "3tote": [], "2bottom": [], "3bottom": []}
568	หวยฮานอย	2025-07-22 18:05:00+07	2025-07-22 11:30:00.030394+07	17	2025-07-22 04:00:00+07	closed	["123", "486", "897", "41", "1", "2", "5", "4", "879"]	["46", "489", "7", "35", "123", "213", "54", "879", "7"]	{"2top": [], "3top": [], "3tote": [], "2bottom": [], "3bottom": []}
496	หวยฮานอย	2025-07-20 18:05:00+07	2025-07-20 15:08:00.007565+07	17	2025-07-20 04:00:00+07	closed	[]	[]	{"2top": [], "3top": [], "3tote": [], "2bottom": [], "3bottom": []}
480	หวยฮานอย พิเศษ	2025-07-20 17:05:00+07	2025-07-20 15:08:00.007565+07	1	2025-07-20 00:01:00+07	closed	[]	[]	{"2top": [], "3top": [], "3tote": [], "2bottom": [], "3bottom": []}
486	หุ้นอียิปต์	2025-07-20 17:00:00+07	2025-07-20 15:08:00.007565+07	7	2025-07-20 04:00:00+07	closed	[]	[]	{"2top": [], "3top": [], "3tote": [], "2bottom": [], "3bottom": []}
497	หวยฮานอย VIP	2025-07-20 19:05:00+07	2025-07-20 15:08:00.007565+07	18	2025-07-20 01:00:00+07	closed	[]	[]	{"2top": [], "3top": ["465", "987", "897", "9", "789", "7", "7", "8"], "3tote": [], "2bottom": [], "3bottom": [], "run_top": [], "run_bottom": []}
508	หุ้นอียิปต์	2025-07-21 17:00:00+07	2025-07-20 18:01:00.068388+07	7	2025-07-21 04:00:00+07	closed	[]	[]	{"2top": [], "3top": [], "3tote": [], "2bottom": [], "3bottom": []}
521	หุ้นดาวโจนส์	2025-07-22 02:35:00+07	2025-07-21 10:19:00.014141+07	5	2025-07-22 08:00:00+07	closed	[]	[]	{"2top": [], "3top": [], "3tote": [], "2bottom": [], "3bottom": []}
519	หวยฮานอย	2025-07-20 21:19:00+07	2025-07-20 20:20:01.466554+07	17	2025-07-20 20:19:00+07	manual_closed	["466", "798", "98"]	["897"]	{"2top": [], "3top": [], "3tote": [], "2bottom": [], "3bottom": []}
522	หุ้นนิเคอิ เช้า	2025-07-22 09:05:00+07	2025-07-21 10:19:00.014141+07	8	2025-07-22 04:00:00+07	closed	[]	[]	{"2top": [], "3top": [], "3tote": [], "2bottom": [], "3bottom": []}
493	หุ้นจีน บ่าย	2025-07-21 13:35:00+07	2025-07-20 15:08:00.007565+07	14	2025-07-21 04:00:00+07	closed	[]	[]	{"2top": [], "3top": [], "3tote": [], "2bottom": [], "3bottom": []}
492	หุ้นนิเคอิ บ่าย	2025-07-21 10:00:00+07	2025-07-20 15:08:00.007565+07	13	2025-07-21 04:00:00+07	closed	[]	[]	{"2top": [], "3top": [], "3tote": [], "2bottom": [], "3bottom": []}
539	หุ้นนิเคอิ เช้า	2025-07-21 20:25:00+07	2025-07-21 19:25:50.020024+07	8	2025-07-21 19:25:00+07	manual_closed	["456", "598", "78", "897"]	["123", "456"]	{"2top": [], "3top": [], "3tote": [], "2bottom": [], "3bottom": []}
517	หวยฮานอย	2025-07-21 18:05:00+07	2025-07-20 19:27:00.056174+07	17	2025-07-21 04:00:00+07	closed	[]	[]	{"2top": [], "3top": [], "3tote": [], "2bottom": [], "3bottom": []}
494	หุ้นฮั่งเส็ง บ่าย	2025-07-21 14:35:00+07	2025-07-20 15:08:00.007565+07	15	2025-07-21 04:00:00+07	closed	["123", "23", "200"]	[]	{"2top": [], "3top": [], "3tote": [], "2bottom": [], "3bottom": []}
495	หุ้นสิงคโปร์	2025-07-21 15:35:00+07	2025-07-20 15:08:00.007565+07	16	2025-07-21 04:00:00+07	closed	[]	[]	{"2top": [], "3top": [], "3tote": [], "2bottom": [], "3bottom": []}
512	หวยประเทศไทย	2025-07-20 19:20:00+07	2025-07-20 18:20:57.872052+07	19	2025-07-20 18:20:00+07	manual_closed	["123", "654", "897", "888", "12", "32"]	["689", "549", "8", "8", "44", "4", "1", "23"]	{"2top": ["89", "87"], "3top": ["487", "879", "879", "897"], "3tote": [], "2bottom": ["45"], "3bottom": [], "run_top": ["6", "1", "1", "1", "1", "1", "1"], "run_bottom": ["4"]}
516	หวยฮานอย พิเศษ	2025-07-21 17:05:00+07	2025-07-20 19:27:00.056174+07	1	2025-07-21 04:00:00+07	closed	[]	[]	{"2top": [], "3top": [], "3tote": [], "2bottom": [], "3bottom": [], "run_top": [], "run_bottom": []}
523	หุ้นจีน เช้า	2025-07-22 10:05:00+07	2025-07-21 10:19:00.014141+07	9	2025-07-22 04:00:00+07	closed	[]	[]	{"2top": [], "3top": [], "3tote": [], "2bottom": [], "3bottom": []}
518	หวยฮานอย VIP	2025-07-21 19:05:00+07	2025-07-20 19:27:00.056174+07	18	2025-07-21 04:00:00+07	closed	[]	["56"]	{"2top": [], "3top": [], "3tote": [], "2bottom": [], "3bottom": []}
499	หวยลาว	2025-07-21 19:35:00+07	2025-07-20 15:08:00.007565+07	20	2025-07-21 08:00:00+07	closed	["456", "546", "456", "474", "444", "87"]	[]	{"2top": [], "3top": [], "3tote": [], "2bottom": [], "3bottom": []}
505	หวยประเทศไทย	2025-08-01 12:00:00+07	2025-07-20 16:25:00.013239+07	19	2025-07-17 08:00:00+07	active	["123", "123", "123", "32", "23", "13", "123", "32", "13", "123", "569", "487"]	["459", "879", "98", "79", "9", "78", "7", "745"]	{"2top": [], "3top": [], "3tote": [], "2bottom": [], "3bottom": [], "run_top": [], "run_bottom": []}
529	หุ้นไต้หวัน	2025-07-22 12:05:00+07	2025-07-21 12:50:00.066173+07	11	2025-07-22 04:00:00+07	closed	[]	[]	{"2top": [], "3top": [], "3tote": [], "2bottom": [], "3bottom": []}
579	หุ้นเกาหลี	2025-07-23 13:05:00+07	2025-07-22 13:05:00.060171+07	12	2025-07-23 04:00:00+07	active	[]	[]	{"2top": [], "3top": [], "3tote": [], "2bottom": [], "3bottom": []}
580	หุ้นจีน บ่าย	2025-07-23 13:35:00+07	2025-07-22 13:35:00.076751+07	14	2025-07-23 04:00:00+07	active	[]	[]	{"2top": [], "3top": [], "3tote": [], "2bottom": [], "3bottom": []}
581	หุ้นฮั่งเส็ง บ่าย	2025-07-23 14:35:00+07	2025-07-22 14:35:00.06876+07	15	2025-07-23 04:00:00+07	active	[]	[]	{"2top": [], "3top": [], "3tote": [], "2bottom": [], "3bottom": []}
582	หุ้นสิงคโปร์	2025-07-23 15:35:00+07	2025-07-22 15:35:00.058601+07	16	2025-07-23 04:00:00+07	active	[]	[]	{"2top": [], "3top": [], "3tote": [], "2bottom": [], "3bottom": []}
585	หุ้นอินเดีย	2025-07-23 16:35:00+07	2025-07-22 16:35:00.058989+07	6	2025-07-23 04:00:00+07	active	[]	[]	{"2top": [], "3top": [], "3tote": [], "2bottom": [], "3bottom": []}
586	หุ้นอียิปต์	2025-07-23 17:00:00+07	2025-07-22 17:00:00.013504+07	7	2025-07-23 04:00:00+07	active	[]	[]	{"2top": [], "3top": [], "3tote": [], "2bottom": [], "3bottom": []}
577	หวยฮานอย พิเศษ	2025-07-22 17:05:00+07	2025-07-22 12:46:00.01543+07	1	2025-07-22 04:00:00+07	closed	[]	[]	{"2top": [], "3top": [], "3tote": [], "2bottom": [], "3bottom": []}
587	หวยฮานอย พิเศษ	2025-07-23 17:05:00+07	2025-07-22 17:05:00.082265+07	1	2025-07-23 04:00:00+07	active	[]	[]	{"2top": [], "3top": [], "3tote": [], "2bottom": [], "3bottom": []}
589	หวยฮานอย	2025-07-23 18:05:00+07	2025-07-22 18:05:00.064476+07	17	2025-07-23 04:00:00+07	active	[]	[]	{"2top": [], "3top": [], "3tote": [], "2bottom": [], "3bottom": []}
590	หวยฮานอย VIP	2025-07-23 19:05:00+07	2025-07-22 19:06:00.014786+07	18	2025-07-23 04:00:00+07	active	[]	[]	{"2top": [], "3top": [], "3tote": [], "2bottom": [], "3bottom": []}
\.


--
-- TOC entry 3408 (class 0 OID 32907)
-- Dependencies: 225
-- Data for Name: lotto_types; Type: TABLE DATA; Schema: public; Owner: postgres
--

COPY public.lotto_types (id, name, rate_3_top, rate_3_tote, rate_3_bottom, rate_2_top, rate_2_bottom, rate_run_top, rate_run_bottom, betting_start_time, betting_cutoff_time, generation_strategy, interval_minutes, monthly_fixed_days, monthly_floating_dates, specific_days_of_week, betting_skip_start_day) FROM stdin;
7	หุ้นอียิปต์	800.00	0.00	0.00	92.00	92.00	0.00	0.00	04:00:00	17:00:00	daily	\N	{}	\N	{}	1
8	หุ้นนิเคอิ เช้า	800.00	0.00	0.00	92.00	92.00	0.00	0.00	04:00:00	09:05:00	onlyday	\N	\N	\N	{1,2,3,4,5}	0
9	หุ้นจีน เช้า	800.00	0.00	0.00	92.00	92.00	0.00	0.00	04:00:00	10:05:00	onlyday	\N	\N	\N	{1,2,3,4,5}	0
17	หวยฮานอย	850.00	0.00	0.00	95.00	95.00	0.00	0.00	04:00:00	18:05:00	daily	\N	\N	\N	\N	1
11	หุ้นไต้หวัน	800.00	0.00	0.00	92.00	92.00	0.00	0.00	04:00:00	12:05:00	onlyday	\N	\N	\N	{1,2,3,4,5}	0
12	หุ้นเกาหลี	800.00	0.00	0.00	92.00	92.00	0.00	0.00	04:00:00	13:05:00	onlyday	\N	\N	\N	{1,2,3,4,5}	0
14	หุ้นจีน บ่าย	800.00	0.00	0.00	92.00	92.00	0.00	0.00	04:00:00	13:35:00	onlyday	\N	\N	\N	{1,2,3,4,5}	0
18	หวยฮานอย VIP	850.00	0.00	0.00	95.00	95.00	0.00	0.00	04:00:00	19:05:00	daily	\N	\N	\N	\N	1
13	หุ้นนิเคอิ บ่าย	800.00	0.00	0.00	92.00	92.00	0.00	0.00	04:00:00	10:00:00	onlyday	\N	\N	\N	{1,2,3,4,5}	0
2	หุ้นรัสเซีย	800.00	0.00	0.00	92.00	92.00	0.00	0.00	04:00:00	22:00:00	onlyday	\N	{}	{}	{1,2,3,4,5}	0
3	หุ้นเยอรมัน	800.00	0.00	0.00	92.00	92.00	0.00	0.00	04:00:00	22:00:00	onlyday	\N	\N	\N	{1,2,3,4,5}	0
4	หุ้นอังกฤษ	800.00	0.00	0.00	92.00	92.00	0.00	0.00	04:00:00	22:00:00	onlyday	\N	\N	\N	{1,2,3,4,5}	0
15	หุ้นฮั่งเส็ง บ่าย	800.00	0.00	0.00	92.00	92.00	0.00	0.00	04:00:00	14:35:00	onlyday	\N	\N	\N	{1,2,3,4,5}	0
5	หุ้นดาวโจนส์	800.00	0.00	0.00	92.00	92.00	0.00	0.00	08:00:00	02:35:00	onlyday	\N	\N	\N	{1,2,3,4,5}	0
19	หวยประเทศไทย	800.00	125.00	145.00	90.00	90.00	0.00	0.00	08:00:00	12:00:00	monthly_fixed_days	\N	{1,16}	[{"day": 2, "month": 7}]	{}	1
16	หุ้นสิงคโปร์	800.00	0.00	0.00	92.00	92.00	0.00	0.00	04:00:00	15:35:00	onlyday	\N	\N	\N	{1,2,3,4,5}	0
6	หุ้นอินเดีย	800.00	0.00	0.00	92.00	92.00	0.00	0.00	04:00:00	16:35:00	onlyday	\N	\N	\N	{1,2,3,4,5}	0
1	หวยฮานอย พิเศษ	800.00	0.00	0.00	92.00	92.00	0.00	0.00	04:00:00	17:05:00	daily	\N	\N	\N	\N	1
10	หุ้นฮั่งเส็ง เช้า	800.00	0.00	0.00	92.00	92.00	0.00	0.00	04:00:00	10:35:00	onlyday	\N	\N	\N	{1,2,3,4,5}	0
20	หวยลาว	850.00	0.00	0.00	95.00	0.00	0.00	0.00	08:00:00	19:35:00	onlyday	\N	\N	\N	{1,3,5}	1
\.


--
-- TOC entry 3398 (class 0 OID 32805)
-- Dependencies: 215
-- Data for Name: users; Type: TABLE DATA; Schema: public; Owner: postgres
--

COPY public.users (id, username, password_hash, role) FROM stdin;
6	HelloWorld	$2b$10$0lwRxVuDeDJi3bua/ofdU.uPhodD8a7Jijgjo9V6W7KncvYEOADia	user
8	admin001	$2b$10$89S65joW/ZohYMamYut2yOViHqnNefAaztai73htv46VRKRArQ3tu	admin
7	AdminOwner	$2b$10$kFrYtuPtyidZpl.58MqEOeWbYr.Xn6x09cp33ob3kwTdDE1/0jeHq	owner
2	user	$2b$10$nudgClJSy8CaXSM0cBVkz.FUCcqF2x1Hr89nNP6MbZCXfSIDT9Vma	user
\.


--
-- TOC entry 3420 (class 0 OID 0)
-- Dependencies: 222
-- Name: bet_items_id_seq; Type: SEQUENCE SET; Schema: public; Owner: postgres
--

SELECT pg_catalog.setval('public.bet_items_id_seq', 2606, true);


--
-- TOC entry 3421 (class 0 OID 0)
-- Dependencies: 220
-- Name: bill_entries_id_seq; Type: SEQUENCE SET; Schema: public; Owner: postgres
--

SELECT pg_catalog.setval('public.bill_entries_id_seq', 184, true);


--
-- TOC entry 3422 (class 0 OID 0)
-- Dependencies: 218
-- Name: bills_id_seq; Type: SEQUENCE SET; Schema: public; Owner: postgres
--

SELECT pg_catalog.setval('public.bills_id_seq', 126, true);


--
-- TOC entry 3423 (class 0 OID 0)
-- Dependencies: 216
-- Name: lotto_rounds_id_seq; Type: SEQUENCE SET; Schema: public; Owner: postgres
--

SELECT pg_catalog.setval('public.lotto_rounds_id_seq', 590, true);


--
-- TOC entry 3424 (class 0 OID 0)
-- Dependencies: 224
-- Name: lotto_types_id_seq; Type: SEQUENCE SET; Schema: public; Owner: postgres
--

SELECT pg_catalog.setval('public.lotto_types_id_seq', 29, true);


--
-- TOC entry 3425 (class 0 OID 0)
-- Dependencies: 214
-- Name: users_id_seq; Type: SEQUENCE SET; Schema: public; Owner: postgres
--

SELECT pg_catalog.setval('public.users_id_seq', 10, true);


--
-- TOC entry 3244 (class 2606 OID 32884)
-- Name: bet_items bet_items_pkey; Type: CONSTRAINT; Schema: public; Owner: postgres
--

ALTER TABLE ONLY public.bet_items
    ADD CONSTRAINT bet_items_pkey PRIMARY KEY (id);


--
-- TOC entry 3242 (class 2606 OID 32863)
-- Name: bill_entries bill_entries_pkey; Type: CONSTRAINT; Schema: public; Owner: postgres
--

ALTER TABLE ONLY public.bill_entries
    ADD CONSTRAINT bill_entries_pkey PRIMARY KEY (id);


--
-- TOC entry 3238 (class 2606 OID 32847)
-- Name: bills bills_bill_ref_key; Type: CONSTRAINT; Schema: public; Owner: postgres
--

ALTER TABLE ONLY public.bills
    ADD CONSTRAINT bills_bill_ref_key UNIQUE (bill_ref);


--
-- TOC entry 3240 (class 2606 OID 32845)
-- Name: bills bills_pkey; Type: CONSTRAINT; Schema: public; Owner: postgres
--

ALTER TABLE ONLY public.bills
    ADD CONSTRAINT bills_pkey PRIMARY KEY (id);


--
-- TOC entry 3236 (class 2606 OID 32835)
-- Name: lotto_rounds lotto_rounds_pkey; Type: CONSTRAINT; Schema: public; Owner: postgres
--

ALTER TABLE ONLY public.lotto_rounds
    ADD CONSTRAINT lotto_rounds_pkey PRIMARY KEY (id);


--
-- TOC entry 3247 (class 2606 OID 32921)
-- Name: lotto_types lotto_types_name_key; Type: CONSTRAINT; Schema: public; Owner: postgres
--

ALTER TABLE ONLY public.lotto_types
    ADD CONSTRAINT lotto_types_name_key UNIQUE (name);


--
-- TOC entry 3249 (class 2606 OID 32919)
-- Name: lotto_types lotto_types_pkey; Type: CONSTRAINT; Schema: public; Owner: postgres
--

ALTER TABLE ONLY public.lotto_types
    ADD CONSTRAINT lotto_types_pkey PRIMARY KEY (id);


--
-- TOC entry 3232 (class 2606 OID 32813)
-- Name: users users_pkey; Type: CONSTRAINT; Schema: public; Owner: postgres
--

ALTER TABLE ONLY public.users
    ADD CONSTRAINT users_pkey PRIMARY KEY (id);


--
-- TOC entry 3234 (class 2606 OID 32815)
-- Name: users users_username_key; Type: CONSTRAINT; Schema: public; Owner: postgres
--

ALTER TABLE ONLY public.users
    ADD CONSTRAINT users_username_key UNIQUE (username);


--
-- TOC entry 3245 (class 1259 OID 32890)
-- Name: idx_bet_items_bill_entry_id; Type: INDEX; Schema: public; Owner: postgres
--

CREATE INDEX idx_bet_items_bill_entry_id ON public.bet_items USING btree (bill_entry_id);


--
-- TOC entry 3254 (class 2606 OID 32885)
-- Name: bet_items bet_items_bill_entry_id_fkey; Type: FK CONSTRAINT; Schema: public; Owner: postgres
--

ALTER TABLE ONLY public.bet_items
    ADD CONSTRAINT bet_items_bill_entry_id_fkey FOREIGN KEY (bill_entry_id) REFERENCES public.bill_entries(id) ON DELETE CASCADE;


--
-- TOC entry 3253 (class 2606 OID 32864)
-- Name: bill_entries bill_entries_bill_id_fkey; Type: FK CONSTRAINT; Schema: public; Owner: postgres
--

ALTER TABLE ONLY public.bill_entries
    ADD CONSTRAINT bill_entries_bill_id_fkey FOREIGN KEY (bill_id) REFERENCES public.bills(id) ON DELETE CASCADE;


--
-- TOC entry 3251 (class 2606 OID 32848)
-- Name: bills bills_user_id_fkey; Type: FK CONSTRAINT; Schema: public; Owner: postgres
--

ALTER TABLE ONLY public.bills
    ADD CONSTRAINT bills_user_id_fkey FOREIGN KEY (user_id) REFERENCES public.users(id);


--
-- TOC entry 3252 (class 2606 OID 49298)
-- Name: bills fk_lotto_round; Type: FK CONSTRAINT; Schema: public; Owner: postgres
--

ALTER TABLE ONLY public.bills
    ADD CONSTRAINT fk_lotto_round FOREIGN KEY (lotto_round_id) REFERENCES public.lotto_rounds(id) ON DELETE SET NULL;


--
-- TOC entry 3250 (class 2606 OID 32922)
-- Name: lotto_rounds fk_lotto_type; Type: FK CONSTRAINT; Schema: public; Owner: postgres
--

ALTER TABLE ONLY public.lotto_rounds
    ADD CONSTRAINT fk_lotto_type FOREIGN KEY (lotto_type_id) REFERENCES public.lotto_types(id);


-- Completed on 2025-07-22 20:46:27

--
-- PostgreSQL database dump complete
--

